{
"type": "FeatureCollection",
"name": "roads",
"crs": { "type": "name", "properties": { "name": "urn:ogc:def:crs:OGC:1.3:CRS84" } },
"features": [
{ "type": "Feature", "properties": { "road_id": "R00001", "name": "M1 Kestria Coastal Motorway", "road_class": "motorway", "lanes": 4, "speed_limit_kmh": 120.0, "surface": "asphalt", "aadt": 38817, "segment_no": 1, "length_m": 1184.7, "oneway": true }, "geometry": { "type": "LineString", "coordinates": [ [ 13.884979862205947, 41.8705077718108 ], [ 13.889337250190477, 41.86329818007362 ], [ 13.889784607660891, 41.860560115807722 ] ] } },
{ "type": "Feature", "properties": { "road_id": "R00002", "name": "M1 Kestria Coastal Motorway", "road_class": "motorway", "lanes": 4, "speed_limit_kmh": 120.0, "surface": "asphalt", "aadt": 38817, "segment_no": 2, "length_m": 1184.7, "oneway": true }, "geometry": { "type": "LineString", "coordinates": [ [ 13.889784607660891, 41.860560115807722 ], [ 13.891369901063428, 41.85085524982911 ], [ 13.892181508608298, 41.850200587395634 ] ] } },
{ "type": "Feature", "properties": { "road_id": "R00003", "name": "M1 Kestria Coastal Motorway", "road_class": "motorway", "lanes": 4, "speed_limit_kmh": 120.0, "surface": "asphalt", "aadt": 38817, "segment_no": 3, "length_m": 1184.7, "oneway": true }, "geometry": { "type": "LineString", "coordinates": [ [ 13.892181508608298, 41.850200587395634 ], [ 13.90188125010499, 41.84237503956394 ] ] } },
{ "type": "Feature", "properties": { "road_id": "R00004", "name": "M1 Kestria Coastal Motorway", "road_class": "motorway", "lanes": 4, "speed_limit_kmh": 120.0, "surface": "asphalt", "aadt": 38817, "segment_no": 4, "length_m": 1184.7, "oneway": true }, "geometry": { "type": "LineString", "coordinates": [ [ 13.90188125010499, 41.84237503956394 ], [ 13.909158986836182, 41.836501696510076 ], [ 13.91047345899362, 41.834027330729725 ] ] } },
{ "type": "Feature", "properties": { "road_id": "R00005", "name": "M1 Kestria Coastal Motorway", "road_class": "motorway", "lanes": 4, "speed_limit_kmh": 120.0, "surface": "asphalt", "aadt": 38817, "segment_no": 5, "length_m": 1184.7, "oneway": true }, "geometry": { "type": "LineString", "coordinates": [ [ 13.91047345899362, 41.834027330729725 ], [ 13.915674907767894, 41.82423403901047 ], [ 13.915678138881647, 41.824102051437535 ] ] } },
{ "type": "Feature", "properties": { "road_id": "R00006", "name": "M1 Kestria Coastal Motorway", "road_class": "motorway", "lanes": 4, "speed_limit_kmh": 120.0, "surface": "asphalt", "aadt": 38817, "segment_no": 6, "length_m": 1184.7, "oneway": true }, "geometry": { "type": "LineString", "coordinates": [ [ 13.915678138881647, 41.824102051437535 ], [ 13.915928472083657, 41.813873834947962 ], [ 13.915749128021266, 41.813455004487082 ] ] } },
{ "type": "Feature", "properties": { "road_id": "R00007", "name": "M1 Kestria Coastal Motorway", "road_class": "motorway", "lanes": 4, "speed_limit_kmh": 120.0, "surface": "asphalt", "aadt": 38817, "segment_no": 7, "length_m": 1184.7, "oneway": true }, "geometry": { "type": "LineString", "coordinates": [ [ 13.915749128021266, 41.813455004487082 ], [ 13.911793311550918, 41.804215374748168 ], [ 13.911023045416119, 41.803438041771024 ] ] } },
{ "type": "Feature", "properties": { "road_id": "R00008", "name": "M1 Kestria Coastal Motorway", "road_class": "motorway", "lanes": 4, "speed_limit_kmh": 120.0, "surface": "asphalt", "aadt": 38817, "segment_no": 8, "length_m": 1184.7, "oneway": true }, "geometry": { "type": "LineString", "coordinates": [ [ 13.911023045416119, 41.803438041771024 ], [ 13.902531232559332, 41.794866745965585 ] ] } },
{ "type": "Feature", "properties": { "road_id": "R00009", "name": "M1 Kestria Coastal Motorway", "road_class": "motorway", "lanes": 4, "speed_limit_kmh": 120.0, "surface": "asphalt", "aadt": 38817, "segment_no": 9, "length_m": 1184.7, "oneway": true }, "geometry": { "type": "LineString", "coordinates": [ [ 13.902531232559332, 41.794866745965585 ], [ 13.901480851761901, 41.793806333006579 ], [ 13.891663510221965, 41.788023690572807 ] ] } },
{ "type": "Feature", "properties": { "road_id": "R00010", "name": "M1 Kestria Coastal Motorway", "road_class": "motorway", "lanes": 4, "speed_limit_kmh": 120.0, "surface": "asphalt", "aadt": 38817, "segment_no": 10, "length_m": 1184.7, "oneway": true }, "geometry": { "type": "LineString", "coordinates": [ [ 13.891663510221965, 41.788023690572807 ], [ 13.884312946331688, 41.783692815044176 ], [ 13.887326052091508, 41.780799846433609 ] ] } },
{ "type": "Feature", "properties": { "road_id": "R00011", "name": "M1 Kestria Coastal Motorway", "road_class": "motorway", "lanes": 4, "speed_limit_kmh": 120.0, "surface": "asphalt", "aadt": 38817, "segment_no": 11, "length_m": 1184.7, "oneway": true }, "geometry": { "type": "LineString", "coordinates": [ [ 13.887326052091508, 41.780799846433609 ], [ 13.896088862369858, 41.772384462239309 ] ] } },
{ "type": "Feature", "properties": { "road_id": "R00012", "name": "M1 Kestria Coastal Motorway", "road_class": "motorway", "lanes": 4, "speed_limit_kmh": 120.0, "surface": "asphalt", "aadt": 38817, "segment_no": 12, "length_m": 1184.7, "oneway": true }, "geometry": { "type": "LineString", "coordinates": [ [ 13.896088862369858, 41.772384462239309 ], [ 13.898718087686511, 41.769858910748567 ], [ 13.901023980112301, 41.762593347879907 ] ] } },
{ "type": "Feature", "properties": { "road_id": "R00013", "name": "M1 Kestria Coastal Motorway", "road_class": "motorway", "lanes": 4, "speed_limit_kmh": 120.0, "surface": "asphalt", "aadt": 38817, "segment_no": 13, "length_m": 1184.7, "oneway": true }, "geometry": { "type": "LineString", "coordinates": [ [ 13.901023980112301, 41.762593347879907 ], [ 13.904317626995025, 41.75221245913599 ] ] } },
{ "type": "Feature", "properties": { "road_id": "R00014", "name": "M1 Kestria Coastal Motorway", "road_class": "motorway", "lanes": 4, "speed_limit_kmh": 120.0, "surface": "asphalt", "aadt": 38817, "segment_no": 14, "length_m": 1184.7, "oneway": true }, "geometry": { "type": "LineString", "coordinates": [ [ 13.904317626995025, 41.75221245913599 ], [ 13.904660390101458, 41.751131935630674 ], [ 13.915874167292351, 41.746564809333826 ] ] } },
{ "type": "Feature", "properties": { "road_id": "R00015", "name": "M1 Kestria Coastal Motorway", "road_class": "motorway", "lanes": 4, "speed_limit_kmh": 120.0, "surface": "asphalt", "aadt": 38817, "segment_no": 15, "length_m": 1184.7, "oneway": true }, "geometry": { "type": "LineString", "coordinates": [ [ 13.915874167292351, 41.746564809333826 ], [ 13.92838890156235, 41.74146575569339 ] ] } },
{ "type": "Feature", "properties": { "road_id": "R00016", "name": "M1 Kestria Coastal Motorway", "road_class": "motorway", "lanes": 4, "speed_limit_kmh": 120.0, "surface": "asphalt", "aadt": 38817, "segment_no": 16, "length_m": 1184.7, "oneway": true }, "geometry": { "type": "LineString", "coordinates": [ [ 13.92838890156235, 41.74146575569339 ], [ 13.940901675337003, 41.736365311234835 ] ] } },
{ "type": "Feature", "properties": { "road_id": "R00017", "name": "M1 Kestria Coastal Motorway", "road_class": "motorway", "lanes": 4, "speed_limit_kmh": 120.0, "surface": "asphalt", "aadt": 38817, "segment_no": 17, "length_m": 1184.7, "oneway": true }, "geometry": { "type": "LineString", "coordinates": [ [ 13.940901675337003, 41.736365311234835 ], [ 13.952394694581185, 41.731678608746563 ], [ 13.953191164046027, 41.731048019653961 ] ] } },
{ "type": "Feature", "properties": { "road_id": "R00018", "name": "M1 Kestria Coastal Motorway", "road_class": "motorway", "lanes": 4, "speed_limit_kmh": 120.0, "surface": "asphalt", "aadt": 38817, "segment_no": 18, "length_m": 1184.7, "oneway": true }, "geometry": { "type": "LineString", "coordinates": [ [ 13.953191164046027, 41.731048019653961 ], [ 13.96297945890564, 41.723296849499384 ] ] } },
{ "type": "Feature", "properties": { "road_id": "R00019", "name": "M1 Kestria Coastal Motorway", "road_class": "motorway", "lanes": 4, "speed_limit_kmh": 120.0, "surface": "asphalt", "aadt": 38817, "segment_no": 19, "length_m": 1184.7, "oneway": true }, "geometry": { "type": "LineString", "coordinates": [ [ 13.96297945890564, 41.723296849499384 ], [ 13.964695832081, 41.721937403242038 ], [ 13.969303610975347, 41.713844205367899 ] ] } },
{ "type": "Feature", "properties": { "road_id": "R00020", "name": "M1 Kestria Coastal Motorway", "road_class": "motorway", "lanes": 4, "speed_limit_kmh": 120.0, "surface": "asphalt", "aadt": 38817, "segment_no": 20, "length_m": 1184.7, "oneway": true }, "geometry": { "type": "LineString", "coordinates": [ [ 13.969303610975347, 41.713844205367899 ], [ 13.970580294076941, 41.711601411251387 ], [ 13.971027528899015, 41.703376487575305 ] ] } },
{ "type": "Feature", "properties": { "road_id": "R00021", "name": "M1 Kestria Coastal Motorway", "road_class": "motorway", "lanes": 4, "speed_limit_kmh": 120.0, "surface": "asphalt", "aadt": 38817, "segment_no": 21, "length_m": 1184.7, "oneway": true }, "geometry": { "type": "LineString", "coordinates": [ [ 13.971027528899015, 41.703376487575305 ], [ 13.971160301330997, 41.700934239599697 ], [ 13.968311697291851, 41.692990354127772 ] ] } },
{ "type": "Feature", "properties": { "road_id": "R00022", "name": "M1 Kestria Coastal Motorway", "road_class": "motorway", "lanes": 4, "speed_limit_kmh": 120.0, "surface": "asphalt", "aadt": 38817, "segment_no": 22, "length_m": 1184.7, "oneway": true }, "geometry": { "type": "LineString", "coordinates": [ [ 13.968311697291851, 41.692990354127772 ], [ 13.968035276329612, 41.692219395323676 ], [ 13.960609084766295, 41.684066790934068 ] ] } },
{ "type": "Feature", "properties": { "road_id": "R00023", "name": "M1 Kestria Coastal Motorway", "road_class": "motorway", "lanes": 4, "speed_limit_kmh": 120.0, "surface": "asphalt", "aadt": 38817, "segment_no": 23, "length_m": 1184.7, "oneway": true }, "geometry": { "type": "LineString", "coordinates": [ [ 13.960609084766295, 41.684066790934068 ], [ 13.953792894839214, 41.676581641936934 ], [ 13.954447834109287, 41.675051480335718 ] ] } },
{ "type": "Feature", "properties": { "road_id": "R00024", "name": "M1 Kestria Coastal Motorway", "road_class": "motorway", "lanes": 4, "speed_limit_kmh": 120.0, "surface": "asphalt", "aadt": 38817, "segment_no": 24, "length_m": 1184.7, "oneway": true }, "geometry": { "type": "LineString", "coordinates": [ [ 13.954447834109287, 41.675051480335718 ], [ 13.957270265440114, 41.668456419059815 ], [ 13.956873364130637, 41.664724450595656 ] ] } },
{ "type": "Feature", "properties": { "road_id": "R00025", "name": "M1 Kestria Coastal Motorway", "road_class": "motorway", "lanes": 4, "speed_limit_kmh": 120.0, "surface": "asphalt", "aadt": 38817, "segment_no": 25, "length_m": 1184.7, "oneway": true }, "geometry": { "type": "LineString", "coordinates": [ [ 13.956873364130637, 41.664724450595656 ], [ 13.955849410443017, 41.655094642436616 ], [ 13.955414743588644, 41.65413899178715 ] ] } },
{ "type": "Feature", "properties": { "road_id": "R00026", "name": "M1 Kestria Coastal Motorway", "road_class": "motorway", "lanes": 4, "speed_limit_kmh": 120.0, "surface": "asphalt", "aadt": 38817, "segment_no": 26, "length_m": 1184.7, "oneway": true }, "geometry": { "type": "LineString", "coordinates": [ [ 13.955414743588644, 41.65413899178715 ], [ 13.951274107577492, 41.645033993264256 ], [ 13.950496686582499, 41.64416077137885 ] ] } },
{ "type": "Feature", "properties": { "road_id": "R00027", "name": "M1 Kestria Coastal Motorway", "road_class": "motorway", "lanes": 4, "speed_limit_kmh": 120.0, "surface": "asphalt", "aadt": 38817, "segment_no": 27, "length_m": 1184.7, "oneway": true }, "geometry": { "type": "LineString", "coordinates": [ [ 13.950496686582499, 41.64416077137885 ], [ 13.943013850623478, 41.635754370764452 ], [ 13.943683528933922, 41.635502705927387 ] ] } },
{ "type": "Feature", "properties": { "road_id": "R00028", "name": "M1 Kestria Coastal Motorway", "road_class": "motorway", "lanes": 4, "speed_limit_kmh": 120.0, "surface": "asphalt", "aadt": 38817, "segment_no": 28, "length_m": 1184.7, "oneway": true }, "geometry": { "type": "LineString", "coordinates": [ [ 13.943683528933922, 41.635502705927387 ], [ 13.956399284411125, 41.630723008759318 ] ] } },
{ "type": "Feature", "properties": { "road_id": "R00029", "name": "M1 Kestria Coastal Motorway", "road_class": "motorway", "lanes": 4, "speed_limit_kmh": 120.0, "surface": "asphalt", "aadt": 38817, "segment_no": 29, "length_m": 1184.7, "oneway": true }, "geometry": { "type": "LineString", "coordinates": [ [ 13.956399284411125, 41.630723008759318 ], [ 13.969113182425907, 41.62594187939591 ] ] } },
{ "type": "Feature", "properties": { "road_id": "R00030", "name": "M1 Kestria Coastal Motorway", "road_class": "motorway", "lanes": 4, "speed_limit_kmh": 120.0, "surface": "asphalt", "aadt": 38817, "segment_no": 30, "length_m": 1184.7, "oneway": true }, "geometry": { "type": "LineString", "coordinates": [ [ 13.969113182425907, 41.62594187939591 ], [ 13.970797758169075, 41.625308225832484 ], [ 13.980293580430693, 41.619399750837147 ] ] } },
{ "type": "Feature", "properties": { "road_id": "R00031", "name": "M1 Kestria Coastal Motorway", "road_class": "motorway", "lanes": 4, "speed_limit_kmh": 120.0, "surface": "asphalt", "aadt": 38817, "segment_no": 31, "length_m": 1184.7, "oneway": true }, "geometry": { "type": "LineString", "coordinates": [ [ 13.980293580430693, 41.619399750837147 ], [ 13.987662422919364, 41.614813422002157 ], [ 13.990014771372474, 41.611807370005465 ] ] } },
{ "type": "Feature", "properties": { "road_id": "R00032", "name": "M1 Kestria Coastal Motorway", "road_class": "motorway", "lanes": 4, "speed_limit_kmh": 120.0, "surface": "asphalt", "aadt": 38817, "segment_no": 32, "length_m": 1184.7, "oneway": true }, "geometry": { "type": "LineString", "coordinates": [ [ 13.990014771372474, 41.611807370005465 ], [ 13.996112274321789, 41.604013854147837 ], [ 13.996530812759765, 41.602411891216192 ] ] } },
{ "type": "Feature", "properties": { "road_id": "R00033", "name": "M1 Kestria Coastal Motorway", "road_class": "motorway", "lanes": 4, "speed_limit_kmh": 120.0, "surface": "asphalt", "aadt": 38817, "segment_no": 33, "length_m": 1184.7, "oneway": true }, "geometry": { "type": "LineString", "coordinates": [ [ 13.996530812759765, 41.602411891216192 ], [ 13.99926595946026, 41.591940994675362 ] ] } },
{ "type": "Feature", "properties": { "road_id": "R00034", "name": "M1 Kestria Coastal Motorway", "road_class": "motorway", "lanes": 4, "speed_limit_kmh": 120.0, "surface": "asphalt", "aadt": 38817, "segment_no": 34, "length_m": 1184.7, "oneway": true }, "geometry": { "type": "LineString", "coordinates": [ [ 13.99926595946026, 41.591940994675362 ], [ 14.000091894694979, 41.588778378522399 ], [ 14.006974610973993, 41.583415259285168 ] ] } },
{ "type": "Feature", "properties": { "road_id": "R00035", "name": "M1 Kestria Coastal Motorway", "road_class": "motorway", "lanes": 4, "speed_limit_kmh": 120.0, "surface": "asphalt", "aadt": 38817, "segment_no": 35, "length_m": 1184.7, "oneway": true }, "geometry": { "type": "LineString", "coordinates": [ [ 14.006974610973993, 41.583415259285168 ], [ 14.016833771847274, 41.575730552088402 ] ] } },
{ "type": "Feature", "properties": { "road_id": "R00036", "name": "M1 Kestria Coastal Motorway", "road_class": "motorway", "lanes": 4, "speed_limit_kmh": 120.0, "surface": "asphalt", "aadt": 38817, "segment_no": 36, "length_m": 1184.7, "oneway": true }, "geometry": { "type": "LineString", "coordinates": [ [ 14.016833771847274, 41.575730552088402 ], [ 14.026345639690524, 41.568313978260669 ], [ 14.026527807722962, 41.567966468222465 ] ] } },
{ "type": "Feature", "properties": { "road_id": "R00037", "name": "M1 Kestria Coastal Motorway", "road_class": "motorway", "lanes": 4, "speed_limit_kmh": 120.0, "surface": "asphalt", "aadt": 38817, "segment_no": 37, "length_m": 1184.7, "oneway": true }, "geometry": { "type": "LineString", "coordinates": [ [ 14.026527807722962, 41.567966468222465 ], [ 14.031731696157598, 41.558037613615795 ] ] } },
{ "type": "Feature", "properties": { "road_id": "R00038", "name": "M1 Kestria Coastal Motorway", "road_class": "motorway", "lanes": 4, "speed_limit_kmh": 120.0, "surface": "asphalt", "aadt": 38817, "segment_no": 38, "length_m": 1184.7, "oneway": true }, "geometry": { "type": "LineString", "coordinates": [ [ 14.031731696157598, 41.558037613615795 ], [ 14.03256502577279, 41.55644733523269 ], [ 14.032571759351459, 41.548458827101598 ], [ 14.03198900126195, 41.547589993640692 ] ] } },
{ "type": "Feature", "properties": { "road_id": "R00039", "name": "A4 Northern Highway", "road_class": "primary", "lanes": 2, "speed_limit_kmh": 90.0, "surface": "asphalt", "aadt": 18027, "segment_no": 1, "length_m": 1016.4, "oneway": false }, "geometry": { "type": "LineString", "coordinates": [ [ 13.975554598596352, 41.69858520276162 ], [ 13.977657161759934, 41.70760249261788 ] ] } },
{ "type": "Feature", "properties": { "road_id": "R00040", "name": "A4 Northern Highway", "road_class": "primary", "lanes": 2, "speed_limit_kmh": 90.0, "surface": "asphalt", "aadt": 18027, "segment_no": 2, "length_m": 1016.4, "oneway": false }, "geometry": { "type": "LineString", "coordinates": [ [ 13.977657161759934, 41.70760249261788 ], [ 13.977658110521034, 41.70760656102641 ], [ 13.980927131659822, 41.716347234342834 ], [ 13.98097258638794, 41.71641109250865 ] ] } },
{ "type": "Feature", "properties": { "road_id": "R00041", "name": "A4 Northern Highway", "road_class": "primary", "lanes": 2, "speed_limit_kmh": 90.0, "surface": "asphalt", "aadt": 18027, "segment_no": 3, "length_m": 1016.4, "oneway": false }, "geometry": { "type": "LineString", "coordinates": [ [ 13.98097258638794, 41.71641109250865 ], [ 13.986717351660438, 41.724480614024714 ], [ 13.986722939697776, 41.724487814464261 ] ] } },
{ "type": "Feature", "properties": { "road_id": "R00042", "name": "A4 Northern Highway", "road_class": "primary", "lanes": 2, "speed_limit_kmh": 90.0, "surface": "asphalt", "aadt": 18027, "segment_no": 4, "length_m": 1016.4, "oneway": false }, "geometry": { "type": "LineString", "coordinates": [ [ 13.986722939697776, 41.724487814464261 ], [ 13.992865195569832, 41.732401264361137 ] ] } },
{ "type": "Feature", "properties": { "road_id": "R00043", "name": "A4 Northern Highway", "road_class": "primary", "lanes": 2, "speed_limit_kmh": 90.0, "surface": "asphalt", "aadt": 18027, "segment_no": 5, "length_m": 1016.4, "oneway": false }, "geometry": { "type": "LineString", "coordinates": [ [ 13.992865195569832, 41.732401264361137 ], [ 13.992947999499316, 41.732507930447639 ], [ 13.995966118453945, 41.741250912939599 ] ] } },
{ "type": "Feature", "properties": { "road_id": "R00044", "name": "A4 Northern Highway", "road_class": "primary", "lanes": 2, "speed_limit_kmh": 90.0, "surface": "asphalt", "aadt": 18027, "segment_no": 6, "length_m": 1016.4, "oneway": false }, "geometry": { "type": "LineString", "coordinates": [ [ 13.995966118453945, 41.741250912939599 ], [ 13.995984764971496, 41.741304921326261 ], [ 13.998800570194202, 41.750155262156788 ] ] } },
{ "type": "Feature", "properties": { "road_id": "R00045", "name": "A7 Fyrdal Road", "road_class": "primary", "lanes": 2, "speed_limit_kmh": 90.0, "surface": "asphalt", "aadt": 16669, "segment_no": 1, "length_m": 1081.2, "oneway": false }, "geometry": { "type": "LineString", "coordinates": [ [ 13.976235208220235, 41.698385166733971 ], [ 13.97276174283618, 41.68901415732406 ], [ 13.972758742273012, 41.689002773803608 ] ] } },
{ "type": "Feature", "properties": { "road_id": "R00046", "name": "A7 Fyrdal Road", "road_class": "primary", "lanes": 2, "speed_limit_kmh": 90.0, "surface": "asphalt", "aadt": 16669, "segment_no": 2, "length_m": 1081.2, "oneway": false }, "geometry": { "type": "LineString", "coordinates": [ [ 13.972758742273012, 41.689002773803608 ], [ 13.970246211120372, 41.679469358109706 ], [ 13.970239796424455, 41.679450097321322 ] ] } },
{ "type": "Feature", "properties": { "road_id": "R00047", "name": "A7 Fyrdal Road", "road_class": "primary", "lanes": 2, "speed_limit_kmh": 90.0, "surface": "asphalt", "aadt": 16669, "segment_no": 3, "length_m": 1081.2, "oneway": false }, "geometry": { "type": "LineString", "coordinates": [ [ 13.970239796424455, 41.679450097321322 ], [ 13.967105635088913, 41.670038073196984 ], [ 13.96708961211179, 41.670003465030369 ] ] } },
{ "type": "Feature", "properties": { "road_id": "R00048", "name": "A7 Fyrdal Road", "road_class": "primary", "lanes": 2, "speed_limit_kmh": 90.0, "surface": "asphalt", "aadt": 16669, "segment_no": 4, "length_m": 1081.2, "oneway": false }, "geometry": { "type": "LineString", "coordinates": [ [ 13.96708961211179, 41.670003465030369 ], [ 13.962834757272633, 41.660812000862776 ], [ 13.962832687273917, 41.660804046419941 ] ] } },
{ "type": "Feature", "properties": { "road_id": "R00049", "name": "A7 Fyrdal Road", "road_class": "primary", "lanes": 2, "speed_limit_kmh": 90.0, "surface": "asphalt", "aadt": 16669, "segment_no": 5, "length_m": 1081.2, "oneway": false }, "geometry": { "type": "LineString", "coordinates": [ [ 13.962832687273917, 41.660804046419941 ], [ 13.96034986745437, 41.651261856989755 ], [ 13.960346679291094, 41.651246637898147 ] ] } },
{ "type": "Feature", "properties": { "road_id": "R00050", "name": "A7 Fyrdal Road", "road_class": "primary", "lanes": 2, "speed_limit_kmh": 90.0, "surface": "asphalt", "aadt": 16669, "segment_no": 6, "length_m": 1081.2, "oneway": false }, "geometry": { "type": "LineString", "coordinates": [ [ 13.960346679291094, 41.651246637898147 ], [ 13.958331815413912, 41.641627048601862 ] ] } },
{ "type": "Feature", "properties": { "road_id": "R00051", "name": "A2 Vallmara Road", "road_class": "primary", "lanes": 2, "speed_limit_kmh": 90.0, "surface": "asphalt", "aadt": 14462, "segment_no": 1, "length_m": 1075.9, "oneway": false }, "geometry": { "type": "LineString", "coordinates": [ [ 13.998500613997699, 41.751027810205535 ], [ 14.009975525210205, 41.755506949649309 ] ] } },
{ "type": "Feature", "properties": { "road_id": "R00052", "name": "A2 Vallmara Road", "road_class": "primary", "lanes": 2, "speed_limit_kmh": 90.0, "surface": "asphalt", "aadt": 14462, "segment_no": 2, "length_m": 1075.9, "oneway": true }, "geometry": { "type": "LineString", "coordinates": [ [ 14.009975525210205, 41.755506949649309 ], [ 14.011741687540436, 41.756196200515426 ], [ 14.022333589430241, 41.758274428600672 ] ] } },
{ "type": "Feature", "properties": { "road_id": "R00053", "name": "A2 Vallmara Road", "road_class": "primary", "lanes": 2, "speed_limit_kmh": 90.0, "surface": "asphalt", "aadt": 14462, "segment_no": 3, "length_m": 1075.9, "oneway": false }, "geometry": { "type": "LineString", "coordinates": [ [ 14.022333589430241, 41.758274428600672 ], [ 14.026406066894792, 41.759073191183809 ], [ 14.03499727038799, 41.760241553112024 ] ] } },
{ "type": "Feature", "properties": { "road_id": "R00054", "name": "A2 Vallmara Road", "road_class": "primary", "lanes": 2, "speed_limit_kmh": 90.0, "surface": "asphalt", "aadt": 14462, "segment_no": 4, "length_m": 1075.9, "oneway": false }, "geometry": { "type": "LineString", "coordinates": [ [ 14.03499727038799, 41.760241553112024 ], [ 14.041575862834161, 41.761135747713283 ], [ 14.047236516451145, 41.76312993169617 ] ] } },
{ "type": "Feature", "properties": { "road_id": "R00055", "name": "A2 Vallmara Road", "road_class": "primary", "lanes": 2, "speed_limit_kmh": 90.0, "surface": "asphalt", "aadt": 14462, "segment_no": 5, "length_m": 1075.9, "oneway": false }, "geometry": { "type": "LineString", "coordinates": [ [ 14.047236516451145, 41.76312993169617 ], [ 14.05507573761327, 41.765890938317604 ], [ 14.05856715550463, 41.767743719930166 ] ] } },
{ "type": "Feature", "properties": { "road_id": "R00056", "name": "A2 Vallmara Road", "road_class": "primary", "lanes": 2, "speed_limit_kmh": 90.0, "surface": "asphalt", "aadt": 14462, "segment_no": 6, "length_m": 1075.9, "oneway": false }, "geometry": { "type": "LineString", "coordinates": [ [ 14.05856715550463, 41.767743719930166 ], [ 14.067453216627552, 41.772458307428558 ], [ 14.069218955120288, 41.773241685633408 ] ] } },
{ "type": "Feature", "properties": { "road_id": "R00057", "name": "A2 Vallmara Road", "road_class": "primary", "lanes": 2, "speed_limit_kmh": 90.0, "surface": "asphalt", "aadt": 14462, "segment_no": 7, "length_m": 1075.9, "oneway": false }, "geometry": { "type": "LineString", "coordinates": [ [ 14.069218955120288, 41.773241685633408 ], [ 14.080355642021752, 41.778181468942059 ] ] } },
{ "type": "Feature", "properties": { "road_id": "R00058", "name": "A2 Vallmara Road", "road_class": "primary", "lanes": 2, "speed_limit_kmh": 90.0, "surface": "asphalt", "aadt": 10436, "segment_no": 1, "length_m": 1056.9, "oneway": false }, "geometry": { "type": "LineString", "coordinates": [ [ 13.958658477163819, 41.641741627591031 ], [ 13.969905443643123, 41.637483454928137 ], [ 13.969981545683686, 41.637445206603438 ] ] } },
{ "type": "Feature", "properties": { "road_id": "R00059", "name": "A2 Vallmara Road", "road_class": "primary", "lanes": 2, "speed_limit_kmh": 90.0, "surface": "asphalt", "aadt": 10436, "segment_no": 2, "length_m": 1056.9, "oneway": false }, "geometry": { "type": "LineString", "coordinates": [ [ 13.969981545683686, 41.637445206603438 ], [ 13.980375700250043, 41.632220273274335 ], [ 13.980504016715731, 41.632128640699001 ] ] } },
{ "type": "Feature", "properties": { "road_id": "R00060", "name": "A2 Vallmara Road", "road_class": "primary", "lanes": 2, "speed_limit_kmh": 90.0, "surface": "asphalt", "aadt": 10436, "segment_no": 3, "length_m": 1056.9, "oneway": false }, "geometry": { "type": "LineString", "coordinates": [ [ 13.980504016715731, 41.632128640699001 ], [ 13.989693692208981, 41.625565103957769 ] ] } },
{ "type": "Feature", "properties": { "road_id": "R00061", "name": "A2 Vallmara Road", "road_class": "primary", "lanes": 2, "speed_limit_kmh": 90.0, "surface": "asphalt", "aadt": 10436, "segment_no": 4, "length_m": 1056.9, "oneway": false }, "geometry": { "type": "LineString", "coordinates": [ [ 13.989693692208981, 41.625565103957769 ], [ 13.989742802254948, 41.625530022492661 ], [ 14.000718123289428, 41.620923353474154 ], [ 14.000758962351515, 41.620912937371564 ] ] } },
{ "type": "Feature", "properties": { "road_id": "R00062", "name": "A2 Vallmara Road", "road_class": "primary", "lanes": 2, "speed_limit_kmh": 90.0, "surface": "asphalt", "aadt": 10436, "segment_no": 5, "length_m": 1056.9, "oneway": false }, "geometry": { "type": "LineString", "coordinates": [ [ 14.000758962351515, 41.620912937371564 ], [ 14.012769777724829, 41.617848770035742 ] ] } },
{ "type": "Feature", "properties": { "road_id": "R00063", "name": "A2 Vallmara Road", "road_class": "primary", "lanes": 2, "speed_limit_kmh": 90.0, "surface": "asphalt", "aadt": 10436, "segment_no": 6, "length_m": 1056.9, "oneway": false }, "geometry": { "type": "LineString", "coordinates": [ [ 14.012769777724829, 41.617848770035742 ], [ 14.012858989529924, 41.617826004743385 ], [ 14.024074356671898, 41.613531442988915 ] ] } },
{ "type": "Feature", "properties": { "road_id": "R00064", "name": "A11 Ostrand Link", "road_class": "primary", "lanes": 2, "speed_limit_kmh": 90.0, "surface": "asphalt", "aadt": 6677, "segment_no": 1, "length_m": 1004.4, "oneway": false }, "geometry": { "type": "LineString", "coordinates": [ [ 14.024103159988572, 41.612031179299564 ], [ 14.035909438583786, 41.613172281139825 ], [ 14.036048207441445, 41.613216132410834 ] ] } },
{ "type": "Feature", "properties": { "road_id": "R00065", "name": "A11 Ostrand Link", "road_class": "primary", "lanes": 2, "speed_limit_kmh": 90.0, "surface": "asphalt", "aadt": 6677, "segment_no": 2, "length_m": 1004.4, "oneway": false }, "geometry": { "type": "LineString", "coordinates": [ [ 14.036048207441445, 41.613216132410834 ], [ 14.047138630089623, 41.616719999857928 ], [ 14.047158353303914, 41.616726657486083 ] ] } },
{ "type": "Feature", "properties": { "road_id": "R00066", "name": "A11 Ostrand Link", "road_class": "primary", "lanes": 2, "speed_limit_kmh": 90.0, "surface": "asphalt", "aadt": 6677, "segment_no": 3, "length_m": 1004.4, "oneway": false }, "geometry": { "type": "LineString", "coordinates": [ [ 14.047158353303914, 41.616726657486083 ], [ 14.058153097614293, 41.620437228189125 ] ] } },
{ "type": "Feature", "properties": { "road_id": "R00067", "name": "A11 Ostrand Link", "road_class": "primary", "lanes": 2, "speed_limit_kmh": 90.0, "surface": "asphalt", "aadt": 6677, "segment_no": 4, "length_m": 1004.4, "oneway": false }, "geometry": { "type": "LineString", "coordinates": [ [ 14.058153097614293, 41.620437228189125 ], [ 14.05831507689115, 41.620491882904865 ], [ 14.070115115519625, 41.621513908463051 ] ] } },
{ "type": "Feature", "properties": { "road_id": "R00068", "name": "A11 Ostrand Link", "road_class": "primary", "lanes": 2, "speed_limit_kmh": 90.0, "surface": "asphalt", "aadt": 6677, "segment_no": 5, "length_m": 1004.4, "oneway": false }, "geometry": { "type": "LineString", "coordinates": [ [ 14.070115115519625, 41.621513908463051 ], [ 14.070150513760133, 41.621516972508978 ], [ 14.082163337100425, 41.621195836836705 ] ] } },
{ "type": "Feature", "properties": { "road_id": "R00069", "name": "A11 Ostrand Link", "road_class": "primary", "lanes": 2, "speed_limit_kmh": 90.0, "surface": "asphalt", "aadt": 6677, "segment_no": 6, "length_m": 1004.4, "oneway": true }, "geometry": { "type": "LineString", "coordinates": [ [ 14.082163337100425, 41.621195836836705 ], [ 14.082309177461372, 41.621191930387468 ], [ 14.094133540256346, 41.62226317147082 ] ] } },
{ "type": "Feature", "properties": { "road_id": "R00070", "name": "A9 Corran Vale Road", "road_class": "primary", "lanes": 2, "speed_limit_kmh": 90.0, "surface": "asphalt", "aadt": 19896, "segment_no": 1, "length_m": 1119.3, "oneway": false }, "geometry": { "type": "LineString", "coordinates": [ [ 14.080243267103105, 41.777865604179944 ], [ 14.093586247734933, 41.777533406536755 ], [ 14.093702991318024, 41.777542931512137 ] ] } },
{ "type": "Feature", "properties": { "road_id": "R00071", "name": "A9 Corran Vale Road", "road_class": "primary", "lanes": 2, "speed_limit_kmh": 90.0, "surface": "asphalt", "aadt": 19896, "segment_no": 2, "length_m": 1119.3, "oneway": false }, "geometry": { "type": "LineString", "coordinates": [ [ 14.093702991318024, 41.777542931512137 ], [ 14.107014552094086, 41.778628211049543 ], [ 14.107091325764486, 41.778636742979963 ] ] } },
{ "type": "Feature", "properties": { "road_id": "R00072", "name": "A9 Corran Vale Road", "road_class": "primary", "lanes": 2, "speed_limit_kmh": 90.0, "surface": "asphalt", "aadt": 19896, "segment_no": 3, "length_m": 1119.3, "oneway": false }, "geometry": { "type": "LineString", "coordinates": [ [ 14.107091325764486, 41.778636742979963 ], [ 14.120413652458929, 41.780116455853168 ] ] } },
{ "type": "Feature", "properties": { "road_id": "R00073", "name": "A9 Corran Vale Road", "road_class": "primary", "lanes": 2, "speed_limit_kmh": 90.0, "surface": "asphalt", "aadt": 19896, "segment_no": 4, "length_m": 1119.3, "oneway": false }, "geometry": { "type": "LineString", "coordinates": [ [ 14.120413652458929, 41.780116455853168 ], [ 14.120467404847357, 41.780122422877284 ], [ 14.133843916295525, 41.780336674759774 ], [ 14.133877966592715, 41.780332556216443 ] ] } },
{ "type": "Feature", "properties": { "road_id": "R00074", "name": "A9 Corran Vale Road", "road_class": "primary", "lanes": 2, "speed_limit_kmh": 90.0, "surface": "asphalt", "aadt": 19896, "segment_no": 5, "length_m": 1119.3, "oneway": false }, "geometry": { "type": "LineString", "coordinates": [ [ 14.133877966592715, 41.780332556216443 ], [ 14.147110667211791, 41.778731193073483 ], [ 14.147173030408727, 41.778721272107532 ] ] } },
{ "type": "Feature", "properties": { "road_id": "R00075", "name": "A9 Corran Vale Road", "road_class": "primary", "lanes": 2, "speed_limit_kmh": 90.0, "surface": "asphalt", "aadt": 19896, "segment_no": 6, "length_m": 1119.3, "oneway": true }, "geometry": { "type": "LineString", "coordinates": [ [ 14.147173030408727, 41.778721272107532 ], [ 14.160346498697365, 41.7766247585012 ] ] } },
{ "type": "Feature", "properties": { "road_id": "R00076", "name": "A2 Vallmara Road", "road_class": "primary", "lanes": 2, "speed_limit_kmh": 90.0, "surface": "asphalt", "aadt": 6557, "segment_no": 1, "length_m": 1158.9, "oneway": false }, "geometry": { "type": "LineString", "coordinates": [ [ 14.080452757589427, 41.778350101434306 ], [ 14.077300877412677, 41.788517462477301 ] ] } },
{ "type": "Feature", "properties": { "road_id": "R00077", "name": "A2 Vallmara Road", "road_class": "primary", "lanes": 2, "speed_limit_kmh": 90.0, "surface": "asphalt", "aadt": 6557, "segment_no": 2, "length_m": 1158.9, "oneway": false }, "geometry": { "type": "LineString", "coordinates": [ [ 14.077300877412677, 41.788517462477301 ], [ 14.076782389681625, 41.790189677354448 ], [ 14.073216167115328, 41.798492083748847 ] ] } },
{ "type": "Feature", "properties": { "road_id": "R00078", "name": "A2 Vallmara Road", "road_class": "primary", "lanes": 2, "speed_limit_kmh": 90.0, "surface": "asphalt", "aadt": 6557, "segment_no": 3, "length_m": 1158.9, "oneway": false }, "geometry": { "type": "LineString", "coordinates": [ [ 14.073216167115328, 41.798492083748847 ], [ 14.071792137766913, 41.801806673149265 ], [ 14.068966547913316, 41.808433356650767 ] ] } },
{ "type": "Feature", "properties": { "road_id": "R00079", "name": "A2 Vallmara Road", "road_class": "primary", "lanes": 2, "speed_limit_kmh": 90.0, "surface": "asphalt", "aadt": 6557, "segment_no": 4, "length_m": 1158.9, "oneway": false }, "geometry": { "type": "LineString", "coordinates": [ [ 14.068966547913316, 41.808433356650767 ], [ 14.066835820630644, 41.813429445939427 ], [ 14.065699460694631, 41.818552540381624 ] ] } },
{ "type": "Feature", "properties": { "road_id": "R00080", "name": "A2 Vallmara Road", "road_class": "primary", "lanes": 2, "speed_limit_kmh": 90.0, "surface": "asphalt", "aadt": 6557, "segment_no": 5, "length_m": 1158.9, "oneway": false }, "geometry": { "type": "LineString", "coordinates": [ [ 14.065699460694631, 41.818552540381624 ], [ 14.064171660417722, 41.825439013964235 ], [ 14.06340992388629, 41.828848440664387 ] ] } },
{ "type": "Feature", "properties": { "road_id": "R00081", "name": "A2 Vallmara Road", "road_class": "primary", "lanes": 2, "speed_limit_kmh": 90.0, "surface": "asphalt", "aadt": 6557, "segment_no": 6, "length_m": 1158.9, "oneway": false }, "geometry": { "type": "LineString", "coordinates": [ [ 14.06340992388629, 41.828848440664387 ], [ 14.061488781272235, 41.837445501871628 ], [ 14.061044622536757, 41.839134185718969 ] ] } },
{ "type": "Feature", "properties": { "road_id": "R00082", "name": "A2 Vallmara Road", "road_class": "primary", "lanes": 2, "speed_limit_kmh": 90.0, "surface": "asphalt", "aadt": 6557, "segment_no": 7, "length_m": 1158.9, "oneway": false }, "geometry": { "type": "LineString", "coordinates": [ [ 14.061044622536757, 41.839134185718969 ], [ 14.058350483583771, 41.849375236655916 ] ] } },
{ "type": "Feature", "properties": { "road_id": "R00083", "name": "A9 Corran Vale Road", "road_class": "primary", "lanes": 2, "speed_limit_kmh": 90.0, "surface": "asphalt", "aadt": 16063, "segment_no": 1, "length_m": 1173.3, "oneway": false }, "geometry": { "type": "LineString", "coordinates": [ [ 13.901110679223851, 41.771401936749562 ], [ 13.902778187357761, 41.781894743737148 ] ] } },
{ "type": "Feature", "properties": { "road_id": "R00084", "name": "A9 Corran Vale Road", "road_class": "primary", "lanes": 2, "speed_limit_kmh": 90.0, "surface": "asphalt", "aadt": 16063, "segment_no": 2, "length_m": 1173.3, "oneway": false }, "geometry": { "type": "LineString", "coordinates": [ [ 13.902778187357761, 41.781894743737148 ], [ 13.903050412181562, 41.783607413698391 ], [ 13.903731840977946, 41.792434718100644 ] ] } },
{ "type": "Feature", "properties": { "road_id": "R00085", "name": "A9 Corran Vale Road", "road_class": "primary", "lanes": 2, "speed_limit_kmh": 90.0, "surface": "asphalt", "aadt": 16063, "segment_no": 3, "length_m": 1173.3, "oneway": true }, "geometry": { "type": "LineString", "coordinates": [ [ 13.903731840977946, 41.792434718100644 ], [ 13.903997431645124, 41.79587463965315 ], [ 13.903381433942256, 41.802980800946401 ] ] } },
{ "type": "Feature", "properties": { "road_id": "R00086", "name": "A9 Corran Vale Road", "road_class": "primary", "lanes": 2, "speed_limit_kmh": 90.0, "surface": "asphalt", "aadt": 16063, "segment_no": 4, "length_m": 1173.3, "oneway": false }, "geometry": { "type": "LineString", "coordinates": [ [ 13.903381433942256, 41.802980800946401 ], [ 13.902923050678584, 41.808267565997099 ], [ 13.903103257677142, 41.813534695860938 ] ] } },
{ "type": "Feature", "properties": { "road_id": "R00087", "name": "A9 Corran Vale Road", "road_class": "primary", "lanes": 2, "speed_limit_kmh": 90.0, "surface": "asphalt", "aadt": 16063, "segment_no": 5, "length_m": 1173.3, "oneway": false }, "geometry": { "type": "LineString", "coordinates": [ [ 13.903103257677142, 41.813534695860938 ], [ 13.903343905573601, 41.820567472942287 ], [ 13.904216519101839, 41.824038264263379 ] ] } },
{ "type": "Feature", "properties": { "road_id": "R00088", "name": "A9 Corran Vale Road", "road_class": "primary", "lanes": 2, "speed_limit_kmh": 90.0, "surface": "asphalt", "aadt": 16063, "segment_no": 6, "length_m": 1173.3, "oneway": false }, "geometry": { "type": "LineString", "coordinates": [ [ 13.904216519101839, 41.824038264263379 ], [ 13.906395579170905, 41.832703800293928 ], [ 13.906757413812381, 41.834431973658404 ] ] } },
{ "type": "Feature", "properties": { "road_id": "R00089", "name": "A9 Corran Vale Road", "road_class": "primary", "lanes": 2, "speed_limit_kmh": 90.0, "surface": "asphalt", "aadt": 16063, "segment_no": 7, "length_m": 1173.3, "oneway": false }, "geometry": { "type": "LineString", "coordinates": [ [ 13.906757413812381, 41.834431973658404 ], [ 13.908943564854543, 41.844871429738646 ] ] } },
{ "type": "Feature", "properties": { "road_id": "R00090", "name": "A9 Corran Vale Road", "road_class": "primary", "lanes": 2, "speed_limit_kmh": 90.0, "surface": "asphalt", "aadt": 13860, "segment_no": 1, "length_m": 1074.3, "oneway": false }, "geometry": { "type": "LineString", "coordinates": [ [ 14.093653824642915, 41.621043932472077 ], [ 14.106082355492806, 41.61846718088173 ] ] } },
{ "type": "Feature", "properties": { "road_id": "R00091", "name": "A9 Corran Vale Road", "road_class": "primary", "lanes": 2, "speed_limit_kmh": 90.0, "surface": "asphalt", "aadt": 13860, "segment_no": 2, "length_m": 1074.3, "oneway": false }, "geometry": { "type": "LineString", "coordinates": [ [ 14.106082355492806, 41.61846718088173 ], [ 14.106104677792345, 41.618462551500059 ], [ 14.118921100193942, 41.617576420104704 ] ] } },
{ "type": "Feature", "properties": { "road_id": "R00092", "name": "A9 Corran Vale Road", "road_class": "primary", "lanes": 2, "speed_limit_kmh": 90.0, "surface": "asphalt", "aadt": 13860, "segment_no": 3, "length_m": 1074.3, "oneway": false }, "geometry": { "type": "LineString", "coordinates": [ [ 14.118921100193942, 41.617576420104704 ], [ 14.11894864461869, 41.617574514107638 ], [ 14.131606804960615, 41.615888117734556 ], [ 14.131616470500507, 41.615886591661365 ] ] } },
{ "type": "Feature", "properties": { "road_id": "R00093", "name": "A9 Corran Vale Road", "road_class": "primary", "lanes": 2, "speed_limit_kmh": 90.0, "surface": "asphalt", "aadt": 13860, "segment_no": 4, "length_m": 1074.3, "oneway": false }, "geometry": { "type": "LineString", "coordinates": [ [ 14.131616470500507, 41.615886591661365 ], [ 14.144194359418867, 41.613899941430446 ], [ 14.144234060899018, 41.613897546154014 ] ] } },
{ "type": "Feature", "properties": { "road_id": "R00094", "name": "A9 Corran Vale Road", "road_class": "primary", "lanes": 2, "speed_limit_kmh": 90.0, "surface": "asphalt", "aadt": 13860, "segment_no": 5, "length_m": 1074.3, "oneway": false }, "geometry": { "type": "LineString", "coordinates": [ [ 14.144234060899018, 41.613897546154014 ], [ 14.157063811068589, 41.613122771220496 ], [ 14.157085566627433, 41.613121507418988 ] ] } },
{ "type": "Feature", "properties": { "road_id": "R00095", "name": "A9 Corran Vale Road", "road_class": "primary", "lanes": 2, "speed_limit_kmh": 90.0, "surface": "asphalt", "aadt": 13860, "segment_no": 6, "length_m": 1074.3, "oneway": false }, "geometry": { "type": "LineString", "coordinates": [ [ 14.157085566627433, 41.613121507418988 ], [ 14.169939953320137, 41.612374054299444 ] ] } },
{ "type": "Feature", "properties": { "road_id": "R00096", "name": "A9 Corran Vale Road", "road_class": "primary", "lanes": 2, "speed_limit_kmh": 90.0, "surface": "asphalt", "aadt": 19101, "segment_no": 1, "length_m": 1070.9, "oneway": false }, "geometry": { "type": "LineString", "coordinates": [ [ 13.978321564907237, 41.819731334024752 ], [ 13.990596061693143, 41.822684570947828 ] ] } },
{ "type": "Feature", "properties": { "road_id": "R00097", "name": "A9 Corran Vale Road", "road_class": "primary", "lanes": 2, "speed_limit_kmh": 90.0, "surface": "asphalt", "aadt": 19101, "segment_no": 2, "length_m": 1070.9, "oneway": false }, "geometry": { "type": "LineString", "coordinates": [ [ 13.990596061693143, 41.822684570947828 ], [ 13.992661143330551, 41.823181273353306 ], [ 14.001878954167323, 41.827282532539328 ] ] } },
{ "type": "Feature", "properties": { "road_id": "R00098", "name": "A9 Corran Vale Road", "road_class": "primary", "lanes": 2, "speed_limit_kmh": 90.0, "surface": "asphalt", "aadt": 19101, "segment_no": 3, "length_m": 1070.9, "oneway": false }, "geometry": { "type": "LineString", "coordinates": [ [ 14.001878954167323, 41.827282532539328 ], [ 14.005587281288454, 41.82893211520895 ], [ 14.01258829302833, 41.832643058320343 ] ] } },
{ "type": "Feature", "properties": { "road_id": "R00099", "name": "A9 Corran Vale Road", "road_class": "primary", "lanes": 2, "speed_limit_kmh": 90.0, "surface": "asphalt", "aadt": 19101, "segment_no": 4, "length_m": 1070.9, "oneway": false }, "geometry": { "type": "LineString", "coordinates": [ [ 14.01258829302833, 41.832643058320343 ], [ 14.018004647934958, 41.835513457155656 ], [ 14.023519495714012, 41.837726018588327 ] ] } },
{ "type": "Feature", "properties": { "road_id": "R00100", "name": "A9 Corran Vale Road", "road_class": "primary", "lanes": 2, "speed_limit_kmh": 90.0, "surface": "asphalt", "aadt": 19101, "segment_no": 5, "length_m": 1070.9, "oneway": false }, "geometry": { "type": "LineString", "coordinates": [ [ 14.023519495714012, 41.837726018588327 ], [ 14.031211918962322, 41.840811531136637 ], [ 14.035116536765871, 41.841903044675313 ] ] } },
{ "type": "Feature", "properties": { "road_id": "R00101", "name": "A9 Corran Vale Road", "road_class": "primary", "lanes": 2, "speed_limit_kmh": 90.0, "surface": "asphalt", "aadt": 19101, "segment_no": 6, "length_m": 1070.9, "oneway": false }, "geometry": { "type": "LineString", "coordinates": [ [ 14.035116536765871, 41.841903044675313 ], [ 14.045262301904019, 41.844738443893142 ], [ 14.047163523898357, 41.845345377004122 ] ] } },
{ "type": "Feature", "properties": { "road_id": "R00102", "name": "A9 Corran Vale Road", "road_class": "primary", "lanes": 2, "speed_limit_kmh": 90.0, "surface": "asphalt", "aadt": 19101, "segment_no": 7, "length_m": 1070.9, "oneway": false }, "geometry": { "type": "LineString", "coordinates": [ [ 14.047163523898357, 41.845345377004122 ], [ 14.059027188713108, 41.849131685681606 ] ] } },
{ "type": "Feature", "properties": { "road_id": "R00103", "name": "A2 Vallmara Road", "road_class": "primary", "lanes": 2, "speed_limit_kmh": 90.0, "surface": "asphalt", "aadt": 15909, "segment_no": 1, "length_m": 1043.4, "oneway": false }, "geometry": { "type": "LineString", "coordinates": [ [ 13.977466899667677, 41.821746917818423 ], [ 13.966195004151103, 41.825811409542119 ], [ 13.966148185585597, 41.82582440288251 ] ] } },
{ "type": "Feature", "properties": { "road_id": "R00104", "name": "A2 Vallmara Road", "road_class": "primary", "lanes": 2, "speed_limit_kmh": 90.0, "surface": "asphalt", "aadt": 15909, "segment_no": 2, "length_m": 1043.4, "oneway": false }, "geometry": { "type": "LineString", "coordinates": [ [ 13.966148185585597, 41.82582440288251 ], [ 13.954430801085371, 41.82907550445254 ], [ 13.954367201199876, 41.829089505920372 ] ] } },
{ "type": "Feature", "properties": { "road_id": "R00105", "name": "A2 Vallmara Road", "road_class": "primary", "lanes": 2, "speed_limit_kmh": 90.0, "surface": "asphalt", "aadt": 15909, "segment_no": 3, "length_m": 1043.4, "oneway": false }, "geometry": { "type": "LineString", "coordinates": [ [ 13.954367201199876, 41.829089505920372 ], [ 13.942313758706039, 41.831742312656068 ] ] } },
{ "type": "Feature", "properties": { "road_id": "R00106", "name": "A2 Vallmara Road", "road_class": "primary", "lanes": 2, "speed_limit_kmh": 90.0, "surface": "asphalt", "aadt": 15909, "segment_no": 4, "length_m": 1043.4, "oneway": false }, "geometry": { "type": "LineString", "coordinates": [ [ 13.942313758706039, 41.831742312656068 ], [ 13.942301155826714, 41.831745085606151 ], [ 13.930500761530919, 41.834944459066818 ] ] } },
{ "type": "Feature", "properties": { "road_id": "R00107", "name": "A2 Vallmara Road", "road_class": "primary", "lanes": 2, "speed_limit_kmh": 90.0, "surface": "asphalt", "aadt": 15909, "segment_no": 5, "length_m": 1043.4, "oneway": false }, "geometry": { "type": "LineString", "coordinates": [ [ 13.930500761530919, 41.834944459066818 ], [ 13.930497101624367, 41.834945451117363 ], [ 13.91940000681676, 41.839298625057765 ], [ 13.919373767217371, 41.839310517694514 ] ] } },
{ "type": "Feature", "properties": { "road_id": "R00108", "name": "A2 Vallmara Road", "road_class": "primary", "lanes": 2, "speed_limit_kmh": 90.0, "surface": "asphalt", "aadt": 15909, "segment_no": 6, "length_m": 1043.4, "oneway": false }, "geometry": { "type": "LineString", "coordinates": [ [ 13.919373767217371, 41.839310517694514 ], [ 13.908626509844975, 41.844180639954565 ] ] } },
{ "type": "Feature", "properties": { "road_id": "R00109", "name": "A9 Corran Vale Road", "road_class": "primary", "lanes": 2, "speed_limit_kmh": 90.0, "surface": "asphalt", "aadt": 13382, "segment_no": 1, "length_m": 1121.7, "oneway": false }, "geometry": { "type": "LineString", "coordinates": [ [ 14.152229903524972, 41.672968547457671 ], [ 14.159322269470227, 41.679491413445014 ], [ 14.160902715946436, 41.680692680463004 ] ] } },
{ "type": "Feature", "properties": { "road_id": "R00110", "name": "A9 Corran Vale Road", "road_class": "primary", "lanes": 2, "speed_limit_kmh": 90.0, "surface": "asphalt", "aadt": 13382, "segment_no": 2, "length_m": 1121.7, "oneway": false }, "geometry": { "type": "LineString", "coordinates": [ [ 14.160902715946436, 41.680692680463004 ], [ 14.167197635489508, 41.685476671818527 ], [ 14.170640884947183, 41.687663745659577 ] ] } },
{ "type": "Feature", "properties": { "road_id": "R00111", "name": "A9 Corran Vale Road", "road_class": "primary", "lanes": 2, "speed_limit_kmh": 90.0, "surface": "asphalt", "aadt": 13382, "segment_no": 3, "length_m": 1121.7, "oneway": false }, "geometry": { "type": "LineString", "coordinates": [ [ 14.170640884947183, 41.687663745659577 ], [ 14.175816973836044, 41.690951008786499 ], [ 14.180576394225762, 41.694479566794378 ] ] } },
{ "type": "Feature", "properties": { "road_id": "R00112", "name": "A9 Corran Vale Road", "road_class": "primary", "lanes": 2, "speed_limit_kmh": 90.0, "surface": "asphalt", "aadt": 13382, "segment_no": 4, "length_m": 1121.7, "oneway": false }, "geometry": { "type": "LineString", "coordinates": [ [ 14.180576394225762, 41.694479566794378 ], [ 14.183795790755784, 41.69686604675568 ], [ 14.189809638516918, 41.701835747998295 ] ] } },
{ "type": "Feature", "properties": { "road_id": "R00113", "name": "A9 Corran Vale Road", "road_class": "primary", "lanes": 2, "speed_limit_kmh": 90.0, "surface": "asphalt", "aadt": 13382, "segment_no": 5, "length_m": 1121.7, "oneway": false }, "geometry": { "type": "LineString", "coordinates": [ [ 14.189809638516918, 41.701835747998295 ], [ 14.191326859965809, 41.70308937400754 ], [ 14.198524585065854, 41.709542402883208 ] ] } },
{ "type": "Feature", "properties": { "road_id": "R00114", "name": "A2 Vallmara Road", "road_class": "primary", "lanes": 2, "speed_limit_kmh": 90.0, "surface": "asphalt", "aadt": 6375, "segment_no": 1, "length_m": 1144.2, "oneway": false }, "geometry": { "type": "LineString", "coordinates": [ [ 14.153489255447948, 41.672852028993695 ], [ 14.155567119855176, 41.662719427770206 ], [ 14.155575505175353, 41.662665973151128 ] ] } },
{ "type": "Feature", "properties": { "road_id": "R00115", "name": "A2 Vallmara Road", "road_class": "primary", "lanes": 2, "speed_limit_kmh": 90.0, "surface": "asphalt", "aadt": 6375, "segment_no": 2, "length_m": 1144.2, "oneway": false }, "geometry": { "type": "LineString", "coordinates": [ [ 14.155575505175353, 41.662665973151128 ], [ 14.157168532698691, 41.652509053879498 ], [ 14.157209597835028, 41.652436748501103 ] ] } },
{ "type": "Feature", "properties": { "road_id": "R00116", "name": "A2 Vallmara Road", "road_class": "primary", "lanes": 2, "speed_limit_kmh": 90.0, "surface": "asphalt", "aadt": 6375, "segment_no": 3, "length_m": 1144.2, "oneway": false }, "geometry": { "type": "LineString", "coordinates": [ [ 14.157209597835028, 41.652436748501103 ], [ 14.162593571712788, 41.642955364663578 ] ] } },
{ "type": "Feature", "properties": { "road_id": "R00117", "name": "A2 Vallmara Road", "road_class": "primary", "lanes": 2, "speed_limit_kmh": 90.0, "surface": "asphalt", "aadt": 6375, "segment_no": 4, "length_m": 1144.2, "oneway": false }, "geometry": { "type": "LineString", "coordinates": [ [ 14.162593571712788, 41.642955364663578 ], [ 14.162610264690519, 41.642925962876987 ], [ 14.167311592004658, 41.63327666272302 ] ] } },
{ "type": "Feature", "properties": { "road_id": "R00118", "name": "A2 Vallmara Road", "road_class": "primary", "lanes": 2, "speed_limit_kmh": 90.0, "surface": "asphalt", "aadt": 6375, "segment_no": 5, "length_m": 1144.2, "oneway": false }, "geometry": { "type": "LineString", "coordinates": [ [ 14.167311592004658, 41.63327666272302 ], [ 14.167336280883271, 41.633225981419947 ], [ 14.169046914164603, 41.623055001652332 ] ] } },
{ "type": "Feature", "properties": { "road_id": "R00119", "name": "A2 Vallmara Road", "road_class": "primary", "lanes": 2, "speed_limit_kmh": 90.0, "surface": "asphalt", "aadt": 6375, "segment_no": 6, "length_m": 1144.2, "oneway": false }, "geometry": { "type": "LineString", "coordinates": [ [ 14.169046914164603, 41.623055001652332 ], [ 14.169050410602555, 41.623034209262769 ], [ 14.17059852035058, 41.612815368135557 ] ] } },
{ "type": "Feature", "properties": { "road_id": "R00120", "name": "A9 Corran Vale Road", "road_class": "primary", "lanes": 2, "speed_limit_kmh": 90.0, "surface": "asphalt", "aadt": 7116, "segment_no": 1, "length_m": 1052.5, "oneway": false }, "geometry": { "type": "LineString", "coordinates": [ [ 14.159581164172106, 41.776002792508713 ], [ 14.16575268877809, 41.784279933610783 ] ] } },
{ "type": "Feature", "properties": { "road_id": "R00121", "name": "A9 Corran Vale Road", "road_class": "primary", "lanes": 2, "speed_limit_kmh": 90.0, "surface": "asphalt", "aadt": 7116, "segment_no": 2, "length_m": 1052.5, "oneway": false }, "geometry": { "type": "LineString", "coordinates": [ [ 14.16575268877809, 41.784279933610783 ], [ 14.166803269861877, 41.785688711421209 ], [ 14.172984457308951, 41.792050089743171 ] ] } },
{ "type": "Feature", "properties": { "road_id": "R00122", "name": "A9 Corran Vale Road", "road_class": "primary", "lanes": 2, "speed_limit_kmh": 90.0, "surface": "asphalt", "aadt": 7116, "segment_no": 3, "length_m": 1052.5, "oneway": false }, "geometry": { "type": "LineString", "coordinates": [ [ 14.172984457308951, 41.792050089743171 ], [ 14.175470754098601, 41.794608419823788 ], [ 14.181135697725862, 41.79928987911503 ] ] } },
{ "type": "Feature", "properties": { "road_id": "R00123", "name": "A9 Corran Vale Road", "road_class": "primary", "lanes": 2, "speed_limit_kmh": 90.0, "surface": "asphalt", "aadt": 7116, "segment_no": 4, "length_m": 1052.5, "oneway": false }, "geometry": { "type": "LineString", "coordinates": [ [ 14.181135697725862, 41.79928987911503 ], [ 14.185433877387153, 41.80284121867011 ], [ 14.188787972419492, 41.806800603429309 ] ] } },
{ "type": "Feature", "properties": { "road_id": "R00124", "name": "A9 Corran Vale Road", "road_class": "primary", "lanes": 2, "speed_limit_kmh": 90.0, "surface": "asphalt", "aadt": 7116, "segment_no": 5, "length_m": 1052.5, "oneway": false }, "geometry": { "type": "LineString", "coordinates": [ [ 14.188787972419492, 41.806800603429309 ], [ 14.193335911814401, 41.812168347877076 ], [ 14.195804578719077, 41.814687467048024 ] ] } },
{ "type": "Feature", "properties": { "road_id": "R00125", "name": "A9 Corran Vale Road", "road_class": "primary", "lanes": 2, "speed_limit_kmh": 90.0, "surface": "asphalt", "aadt": 7116, "segment_no": 6, "length_m": 1052.5, "oneway": true }, "geometry": { "type": "LineString", "coordinates": [ [ 14.195804578719077, 41.814687467048024 ], [ 14.202053716088685, 41.821063204764897 ], [ 14.203380487956792, 41.822283634844851 ] ] } },
{ "type": "Feature", "properties": { "road_id": "R00126", "name": "A9 Corran Vale Road", "road_class": "primary", "lanes": 2, "speed_limit_kmh": 90.0, "surface": "asphalt", "aadt": 7116, "segment_no": 7, "length_m": 1052.5, "oneway": false }, "geometry": { "type": "LineString", "coordinates": [ [ 14.203380487956792, 41.822283634844851 ], [ 14.211376581615861, 41.829637535717872 ], [ 14.211376581615861, 41.829637535717872 ] ] } },
{ "type": "Feature", "properties": { "road_id": "R00127", "name": "A7 Fyrdal Road", "road_class": "primary", "lanes": 2, "speed_limit_kmh": 90.0, "surface": "asphalt", "aadt": 19619, "segment_no": 1, "length_m": 1137.7, "oneway": false }, "geometry": { "type": "LineString", "coordinates": [ [ 14.170407526701725, 41.612533551507212 ], [ 14.163283865489273, 41.603795986804883 ], [ 14.163281561685762, 41.603793411247857 ] ] } },
{ "type": "Feature", "properties": { "road_id": "R00128", "name": "A7 Fyrdal Road", "road_class": "primary", "lanes": 2, "speed_limit_kmh": 90.0, "surface": "asphalt", "aadt": 19619, "segment_no": 2, "length_m": 1137.7, "oneway": false }, "geometry": { "type": "LineString", "coordinates": [ [ 14.163281561685762, 41.603793411247857 ], [ 14.155678718939097, 41.595292388711798 ], [ 14.155672738478744, 41.595286138121331 ] ] } },
{ "type": "Feature", "properties": { "road_id": "R00129", "name": "A7 Fyrdal Road", "road_class": "primary", "lanes": 2, "speed_limit_kmh": 90.0, "surface": "asphalt", "aadt": 19619, "segment_no": 3, "length_m": 1137.7, "oneway": false }, "geometry": { "type": "LineString", "coordinates": [ [ 14.155672738478744, 41.595286138121331 ], [ 14.147712058261499, 41.586964546359994 ], [ 14.147711009190465, 41.58696337333064 ] ] } },
{ "type": "Feature", "properties": { "road_id": "R00130", "name": "A7 Fyrdal Road", "road_class": "primary", "lanes": 2, "speed_limit_kmh": 90.0, "surface": "asphalt", "aadt": 19619, "segment_no": 4, "length_m": 1137.7, "oneway": false }, "geometry": { "type": "LineString", "coordinates": [ [ 14.147711009190465, 41.58696337333064 ], [ 14.14010844223869, 41.578461128538336 ], [ 14.140104533725449, 41.578455932783392 ] ] } },
{ "type": "Feature", "properties": { "road_id": "R00131", "name": "A7 Fyrdal Road", "road_class": "primary", "lanes": 2, "speed_limit_kmh": 90.0, "surface": "asphalt", "aadt": 19619, "segment_no": 5, "length_m": 1137.7, "oneway": false }, "geometry": { "type": "LineString", "coordinates": [ [ 14.140104533725449, 41.578455932783392 ], [ 14.133394037579707, 41.569533968206947 ] ] } },
{ "type": "Feature", "properties": { "road_id": "R00132", "name": "A7 Fyrdal Road", "road_class": "primary", "lanes": 2, "speed_limit_kmh": 90.0, "surface": "asphalt", "aadt": 19619, "segment_no": 6, "length_m": 1137.7, "oneway": false }, "geometry": { "type": "LineString", "coordinates": [ [ 14.133394037579707, 41.569533968206947 ], [ 14.133390233253376, 41.569528909349877 ], [ 14.126093319693235, 41.560877756094875 ] ] } },
{ "type": "Feature", "properties": { "road_id": "R00133", "name": "A9 Corran Vale Road", "road_class": "primary", "lanes": 2, "speed_limit_kmh": 90.0, "surface": "asphalt", "aadt": 18263, "segment_no": 1, "length_m": 1022.3, "oneway": false }, "geometry": { "type": "LineString", "coordinates": [ [ 14.168864919126158, 41.611475996913668 ], [ 14.17528547311287, 41.60529541423125 ], [ 14.176744368489265, 41.604470457986039 ] ] } },
{ "type": "Feature", "properties": { "road_id": "R00134", "name": "A9 Corran Vale Road", "road_class": "primary", "lanes": 2, "speed_limit_kmh": 90.0, "surface": "asphalt", "aadt": 18263, "segment_no": 2, "length_m": 1022.3, "oneway": false }, "geometry": { "type": "LineString", "coordinates": [ [ 14.176744368489265, 41.604470457986039 ], [ 14.183257798072685, 41.600786845774451 ], [ 14.187239090741731, 41.600013768056876 ] ] } },
{ "type": "Feature", "properties": { "road_id": "R00135", "name": "A9 Corran Vale Road", "road_class": "primary", "lanes": 2, "speed_limit_kmh": 90.0, "surface": "asphalt", "aadt": 18263, "segment_no": 3, "length_m": 1022.3, "oneway": false }, "geometry": { "type": "LineString", "coordinates": [ [ 14.187239090741731, 41.600013768056876 ], [ 14.193558973749621, 41.598786266344433 ], [ 14.198927898263564, 41.597264116083018 ] ] } },
{ "type": "Feature", "properties": { "road_id": "R00136", "name": "A9 Corran Vale Road", "road_class": "primary", "lanes": 2, "speed_limit_kmh": 90.0, "surface": "asphalt", "aadt": 18263, "segment_no": 4, "length_m": 1022.3, "oneway": true }, "geometry": { "type": "LineString", "coordinates": [ [ 14.198927898263564, 41.597264116083018 ], [ 14.203183703024534, 41.596057317558731 ], [ 14.209794162989926, 41.593068085783344 ] ] } },
{ "type": "Feature", "properties": { "road_id": "R00137", "name": "A9 Corran Vale Road", "road_class": "primary", "lanes": 2, "speed_limit_kmh": 90.0, "surface": "asphalt", "aadt": 18263, "segment_no": 5, "length_m": 1022.3, "oneway": false }, "geometry": { "type": "LineString", "coordinates": [ [ 14.209794162989926, 41.593068085783344 ], [ 14.211746209969753, 41.592185249067576 ], [ 14.219628403911976, 41.5875815566094 ] ] } },
{ "type": "Feature", "properties": { "road_id": "R00138", "name": "A2 Vallmara Road", "road_class": "primary", "lanes": 2, "speed_limit_kmh": 90.0, "surface": "asphalt", "aadt": 9679, "segment_no": 1, "length_m": 1098.4, "oneway": false }, "geometry": { "type": "LineString", "coordinates": [ [ 14.219187352265495, 41.58761285801998 ], [ 14.229956567004878, 41.586753323783661 ], [ 14.232205470455177, 41.586248972043634 ] ] } },
{ "type": "Feature", "properties": { "road_id": "R00139", "name": "A2 Vallmara Road", "road_class": "primary", "lanes": 2, "speed_limit_kmh": 90.0, "surface": "asphalt", "aadt": 9679, "segment_no": 2, "length_m": 1098.4, "oneway": false }, "geometry": { "type": "LineString", "coordinates": [ [ 14.232205470455177, 41.586248972043634 ], [ 14.240534878754435, 41.584380518671317 ], [ 14.244785952915667, 41.583311180270378 ] ] } },
{ "type": "Feature", "properties": { "road_id": "R00140", "name": "A2 Vallmara Road", "road_class": "primary", "lanes": 2, "speed_limit_kmh": 90.0, "surface": "asphalt", "aadt": 9679, "segment_no": 3, "length_m": 1098.4, "oneway": false }, "geometry": { "type": "LineString", "coordinates": [ [ 14.244785952915667, 41.583311180270378 ], [ 14.251077282772791, 41.581728270025394 ], [ 14.257462837193728, 41.580664605342136 ] ] } },
{ "type": "Feature", "properties": { "road_id": "R00141", "name": "A2 Vallmara Road", "road_class": "primary", "lanes": 2, "speed_limit_kmh": 90.0, "surface": "asphalt", "aadt": 9679, "segment_no": 4, "length_m": 1098.4, "oneway": false }, "geometry": { "type": "LineString", "coordinates": [ [ 14.257462837193728, 41.580664605342136 ], [ 14.261729866005105, 41.579953613298059 ], [ 14.270534245518204, 41.579889113919783 ] ] } },
{ "type": "Feature", "properties": { "road_id": "R00142", "name": "A2 Vallmara Road", "road_class": "primary", "lanes": 2, "speed_limit_kmh": 90.0, "surface": "asphalt", "aadt": 9679, "segment_no": 5, "length_m": 1098.4, "oneway": false }, "geometry": { "type": "LineString", "coordinates": [ [ 14.270534245518204, 41.579889113919783 ], [ 14.272596489660451, 41.579873908783306 ], [ 14.283612784437166, 41.580974412458097 ] ] } },
{ "type": "Feature", "properties": { "road_id": "R00143", "name": "A2 Vallmara Road", "road_class": "primary", "lanes": 2, "speed_limit_kmh": 90.0, "surface": "asphalt", "aadt": 10577, "segment_no": 1, "length_m": 1148.6, "oneway": false }, "geometry": { "type": "LineString", "coordinates": [ [ 14.300479915023949, 41.749850049837264 ], [ 14.301716640940141, 41.73954637238284 ] ] } },
{ "type": "Feature", "properties": { "road_id": "R00144", "name": "A2 Vallmara Road", "road_class": "primary", "lanes": 2, "speed_limit_kmh": 90.0, "surface": "asphalt", "aadt": 10577, "segment_no": 2, "length_m": 1148.6, "oneway": false }, "geometry": { "type": "LineString", "coordinates": [ [ 14.301716640940141, 41.73954637238284 ], [ 14.301927993128325, 41.73778515771204 ], [ 14.303756760473215, 41.729318325577736 ] ] } },
{ "type": "Feature", "properties": { "road_id": "R00145", "name": "A2 Vallmara Road", "road_class": "primary", "lanes": 2, "speed_limit_kmh": 90.0, "surface": "asphalt", "aadt": 10577, "segment_no": 3, "length_m": 1148.6, "oneway": false }, "geometry": { "type": "LineString", "coordinates": [ [ 14.303756760473215, 41.729318325577736 ], [ 14.304498299425875, 41.725884480338578 ], [ 14.306704560706702, 41.719219602406866 ] ] } },
{ "type": "Feature", "properties": { "road_id": "R00146", "name": "A2 Vallmara Road", "road_class": "primary", "lanes": 2, "speed_limit_kmh": 90.0, "surface": "asphalt", "aadt": 10577, "segment_no": 4, "length_m": 1148.6, "oneway": false }, "geometry": { "type": "LineString", "coordinates": [ [ 14.306704560706702, 41.719219602406866 ], [ 14.308374194613803, 41.71417484903543 ], [ 14.31002966745775, 41.70917879844837 ] ] } },
{ "type": "Feature", "properties": { "road_id": "R00147", "name": "A2 Vallmara Road", "road_class": "primary", "lanes": 2, "speed_limit_kmh": 90.0, "surface": "asphalt", "aadt": 10577, "segment_no": 5, "length_m": 1148.6, "oneway": false }, "geometry": { "type": "LineString", "coordinates": [ [ 14.31002966745775, 41.70917879844837 ], [ 14.312253640803144, 41.702465781722466 ], [ 14.313017131397103, 41.699085356605572 ] ] } },
{ "type": "Feature", "properties": { "road_id": "R00148", "name": "A2 Vallmara Road", "road_class": "primary", "lanes": 2, "speed_limit_kmh": 90.0, "surface": "asphalt", "aadt": 10577, "segment_no": 6, "length_m": 1148.6, "oneway": false }, "geometry": { "type": "LineString", "coordinates": [ [ 14.313017131397103, 41.699085356605572 ], [ 14.314937329594253, 41.690581857255232 ], [ 14.315496269957226, 41.688912735582399 ] ] } },
{ "type": "Feature", "properties": { "road_id": "R00149", "name": "A2 Vallmara Road", "road_class": "primary", "lanes": 2, "speed_limit_kmh": 90.0, "surface": "asphalt", "aadt": 10577, "segment_no": 7, "length_m": 1148.6, "oneway": false }, "geometry": { "type": "LineString", "coordinates": [ [ 14.315496269957226, 41.688912735582399 ], [ 14.318855768228035, 41.678878593504791 ] ] } },
{ "type": "Feature", "properties": { "road_id": "R00150", "name": "A9 Corran Vale Road", "road_class": "primary", "lanes": 2, "speed_limit_kmh": 90.0, "surface": "asphalt", "aadt": 8265, "segment_no": 1, "length_m": 1089.2, "oneway": true }, "geometry": { "type": "LineString", "coordinates": [ [ 14.302383656267041, 41.749935174133618 ], [ 14.306572177555822, 41.759230068148177 ] ] } },
{ "type": "Feature", "properties": { "road_id": "R00151", "name": "A9 Corran Vale Road", "road_class": "primary", "lanes": 2, "speed_limit_kmh": 90.0, "surface": "asphalt", "aadt": 8265, "segment_no": 2, "length_m": 1089.2, "oneway": false }, "geometry": { "type": "LineString", "coordinates": [ [ 14.306572177555822, 41.759230068148177 ], [ 14.307236577501623, 41.760704203556017 ], [ 14.311053962974267, 41.76844756686765 ] ] } },
{ "type": "Feature", "properties": { "road_id": "R00152", "name": "A9 Corran Vale Road", "road_class": "primary", "lanes": 2, "speed_limit_kmh": 90.0, "surface": "asphalt", "aadt": 8265, "segment_no": 3, "length_m": 1089.2, "oneway": false }, "geometry": { "type": "LineString", "coordinates": [ [ 14.311053962974267, 41.76844756686765 ], [ 14.31248407073836, 41.771347957021305 ], [ 14.317845899236435, 41.776735233428532 ] ] } },
{ "type": "Feature", "properties": { "road_id": "R00153", "name": "A9 Corran Vale Road", "road_class": "primary", "lanes": 2, "speed_limit_kmh": 90.0, "surface": "asphalt", "aadt": 8265, "segment_no": 4, "length_m": 1089.2, "oneway": false }, "geometry": { "type": "LineString", "coordinates": [ [ 14.317845899236435, 41.776735233428532 ], [ 14.321792256204137, 41.780699587225371 ], [ 14.325282458936883, 41.784804803723929 ] ] } },
{ "type": "Feature", "properties": { "road_id": "R00154", "name": "A9 Corran Vale Road", "road_class": "primary", "lanes": 2, "speed_limit_kmh": 90.0, "surface": "asphalt", "aadt": 8265, "segment_no": 5, "length_m": 1089.2, "oneway": false }, "geometry": { "type": "LineString", "coordinates": [ [ 14.325282458936883, 41.784804803723929 ], [ 14.330032799763265, 41.790391201752513 ], [ 14.331416903776308, 41.793406252132144 ] ] } },
{ "type": "Feature", "properties": { "road_id": "R00155", "name": "A9 Corran Vale Road", "road_class": "primary", "lanes": 2, "speed_limit_kmh": 90.0, "surface": "asphalt", "aadt": 8265, "segment_no": 6, "length_m": 1089.2, "oneway": false }, "geometry": { "type": "LineString", "coordinates": [ [ 14.331416903776308, 41.793406252132144 ], [ 14.334965947760363, 41.801135925668639 ], [ 14.3355303675821, 41.802717060643801 ] ] } },
{ "type": "Feature", "properties": { "road_id": "R00156", "name": "A9 Corran Vale Road", "road_class": "primary", "lanes": 2, "speed_limit_kmh": 90.0, "surface": "asphalt", "aadt": 8265, "segment_no": 7, "length_m": 1089.2, "oneway": false }, "geometry": { "type": "LineString", "coordinates": [ [ 14.3355303675821, 41.802717060643801 ], [ 14.338914129963381, 41.812194482855283 ] ] } },
{ "type": "Feature", "properties": { "road_id": "R00157", "name": "A9 Corran Vale Road", "road_class": "primary", "lanes": 2, "speed_limit_kmh": 90.0, "surface": "asphalt", "aadt": 13371, "segment_no": 1, "length_m": 1146.7, "oneway": false }, "geometry": { "type": "LineString", "coordinates": [ [ 14.321633386477716, 41.679207116379807 ], [ 14.323112975747883, 41.670746048969981 ], [ 14.322833777790615, 41.6689637424493 ] ] } },
{ "type": "Feature", "properties": { "road_id": "R00158", "name": "A9 Corran Vale Road", "road_class": "primary", "lanes": 2, "speed_limit_kmh": 90.0, "surface": "asphalt", "aadt": 13371, "segment_no": 2, "length_m": 1146.7, "oneway": false }, "geometry": { "type": "LineString", "coordinates": [ [ 14.322833777790615, 41.6689637424493 ], [ 14.321751896067036, 41.662056470356937 ], [ 14.321597846458127, 41.658685145141582 ] ] } },
{ "type": "Feature", "properties": { "road_id": "R00159", "name": "A9 Corran Vale Road", "road_class": "primary", "lanes": 2, "speed_limit_kmh": 90.0, "surface": "asphalt", "aadt": 13371, "segment_no": 3, "length_m": 1146.7, "oneway": false }, "geometry": { "type": "LineString", "coordinates": [ [ 14.321597846458127, 41.658685145141582 ], [ 14.321358416671067, 41.65344470204063 ], [ 14.323239396378755, 41.64855978638365 ] ] } },
{ "type": "Feature", "properties": { "road_id": "R00160", "name": "A9 Corran Vale Road", "road_class": "primary", "lanes": 2, "speed_limit_kmh": 90.0, "surface": "asphalt", "aadt": 13371, "segment_no": 4, "length_m": 1146.7, "oneway": false }, "geometry": { "type": "LineString", "coordinates": [ [ 14.323239396378755, 41.64855978638365 ], [ 14.324562804323241, 41.645122416377198 ], [ 14.326035068542621, 41.63846310739779 ] ] } },
{ "type": "Feature", "properties": { "road_id": "R00161", "name": "A9 Corran Vale Road", "road_class": "primary", "lanes": 2, "speed_limit_kmh": 90.0, "surface": "asphalt", "aadt": 13371, "segment_no": 5, "length_m": 1146.7, "oneway": false }, "geometry": { "type": "LineString", "coordinates": [ [ 14.326035068542621, 41.63846310739779 ], [ 14.326426522146976, 41.636692251809933 ], [ 14.327401207168505, 41.628190567816461 ], [ 14.327401207168505, 41.628190567816461 ] ] } },
{ "type": "Feature", "properties": { "road_id": "R00162", "name": "A4 Northern Highway", "road_class": "primary", "lanes": 2, "speed_limit_kmh": 90.0, "surface": "asphalt", "aadt": 12226, "segment_no": 1, "length_m": 1166.6, "oneway": false }, "geometry": { "type": "LineString", "coordinates": [ [ 14.283777261717409, 41.582248414176533 ], [ 14.295335307773211, 41.581303078305552 ], [ 14.297668629312644, 41.580998778459247 ] ] } },
{ "type": "Feature", "properties": { "road_id": "R00163", "name": "A4 Northern Highway", "road_class": "primary", "lanes": 2, "speed_limit_kmh": 90.0, "surface": "asphalt", "aadt": 12226, "segment_no": 2, "length_m": 1166.6, "oneway": false }, "geometry": { "type": "LineString", "coordinates": [ [ 14.297668629312644, 41.580998778459247 ], [ 14.306832193959883, 41.579803226446238 ], [ 14.311420727383608, 41.579062140580305 ] ] } },
{ "type": "Feature", "properties": { "road_id": "R00164", "name": "A4 Northern Highway", "road_class": "primary", "lanes": 2, "speed_limit_kmh": 90.0, "surface": "asphalt", "aadt": 12226, "segment_no": 3, "length_m": 1166.6, "oneway": true }, "geometry": { "type": "LineString", "coordinates": [ [ 14.311420727383608, 41.579062140580305 ], [ 14.318290031582119, 41.57795231654687 ], [ 14.32522657249695, 41.577460197195371 ] ] } },
{ "type": "Feature", "properties": { "road_id": "R00165", "name": "A4 Northern Highway", "road_class": "primary", "lanes": 2, "speed_limit_kmh": 90.0, "surface": "asphalt", "aadt": 12226, "segment_no": 4, "length_m": 1166.6, "oneway": false }, "geometry": { "type": "LineString", "coordinates": [ [ 14.32522657249695, 41.577460197195371 ], [ 14.329860935184643, 41.577131170404613 ], [ 14.339195436126385, 41.576920155021341 ] ] } },
{ "type": "Feature", "properties": { "road_id": "R00166", "name": "A4 Northern Highway", "road_class": "primary", "lanes": 2, "speed_limit_kmh": 90.0, "surface": "asphalt", "aadt": 12226, "segment_no": 5, "length_m": 1166.6, "oneway": false }, "geometry": { "type": "LineString", "coordinates": [ [ 14.339195436126385, 41.576920155021341 ], [ 14.341493343518589, 41.576868092118687 ], [ 14.353183192802831, 41.577123631737621 ] ] } },
{ "type": "Feature", "properties": { "road_id": "R00167", "name": "A7 Fyrdal Road", "road_class": "primary", "lanes": 2, "speed_limit_kmh": 90.0, "surface": "asphalt", "aadt": 9103, "segment_no": 1, "length_m": 1001.1, "oneway": false }, "geometry": { "type": "LineString", "coordinates": [ [ 14.326817982955477, 41.627954623847778 ], [ 14.331704534454325, 41.619783226222182 ], [ 14.331747951370623, 41.619732535791329 ] ] } },
{ "type": "Feature", "properties": { "road_id": "R00168", "name": "A7 Fyrdal Road", "road_class": "primary", "lanes": 2, "speed_limit_kmh": 90.0, "surface": "asphalt", "aadt": 9103, "segment_no": 2, "length_m": 1001.1, "oneway": false }, "geometry": { "type": "LineString", "coordinates": [ [ 14.331747951370623, 41.619732535791329 ], [ 14.338243854948802, 41.612147297535458 ] ] } },
{ "type": "Feature", "properties": { "road_id": "R00169", "name": "A7 Fyrdal Road", "road_class": "primary", "lanes": 2, "speed_limit_kmh": 90.0, "surface": "asphalt", "aadt": 9103, "segment_no": 3, "length_m": 1001.1, "oneway": false }, "geometry": { "type": "LineString", "coordinates": [ [ 14.338243854948802, 41.612147297535458 ], [ 14.338285327639385, 41.612098863072028 ], [ 14.342217642794365, 41.603653481875888 ], [ 14.342220342390844, 41.603640824772953 ] ] } },
{ "type": "Feature", "properties": { "road_id": "R00170", "name": "A7 Fyrdal Road", "road_class": "primary", "lanes": 2, "speed_limit_kmh": 90.0, "surface": "asphalt", "aadt": 9103, "segment_no": 4, "length_m": 1001.1, "oneway": false }, "geometry": { "type": "LineString", "coordinates": [ [ 14.342220342390844, 41.603640824772953 ], [ 14.344119019727104, 41.594737558455535 ] ] } },
{ "type": "Feature", "properties": { "road_id": "R00171", "name": "A7 Fyrdal Road", "road_class": "primary", "lanes": 2, "speed_limit_kmh": 90.0, "surface": "asphalt", "aadt": 9103, "segment_no": 5, "length_m": 1001.1, "oneway": false }, "geometry": { "type": "LineString", "coordinates": [ [ 14.344119019727104, 41.594737558455535 ], [ 14.344141718020996, 41.594631106214948 ], [ 14.347583817100354, 41.586105283957735 ] ] } },
{ "type": "Feature", "properties": { "road_id": "R00172", "name": "A7 Fyrdal Road", "road_class": "primary", "lanes": 2, "speed_limit_kmh": 90.0, "surface": "asphalt", "aadt": 9103, "segment_no": 6, "length_m": 1001.1, "oneway": false }, "geometry": { "type": "LineString", "coordinates": [ [ 14.347583817100354, 41.586105283957735 ], [ 14.347605574716628, 41.586051384339463 ], [ 14.352568434938282, 41.577902610323278 ] ] } },
{ "type": "Feature", "properties": { "road_id": "R00173", "name": "A11 Ostrand Link", "road_class": "primary", "lanes": 2, "speed_limit_kmh": 90.0, "surface": "asphalt", "aadt": 18229, "segment_no": 1, "length_m": 1023.4, "oneway": false }, "geometry": { "type": "LineString", "coordinates": [ [ 14.33717172430145, 41.81253682170216 ], [ 14.332582358145087, 41.819355732438822 ], [ 14.331775690517057, 41.820819615719245 ] ] } },
{ "type": "Feature", "properties": { "road_id": "R00174", "name": "A11 Ostrand Link", "road_class": "primary", "lanes": 2, "speed_limit_kmh": 90.0, "surface": "asphalt", "aadt": 18229, "segment_no": 2, "length_m": 1023.4, "oneway": false }, "geometry": { "type": "LineString", "coordinates": [ [ 14.331775690517057, 41.820819615719245 ], [ 14.328706713940242, 41.826388304026864 ], [ 14.327690033157282, 41.829490980529897 ] ] } },
{ "type": "Feature", "properties": { "road_id": "R00175", "name": "A11 Ostrand Link", "road_class": "primary", "lanes": 2, "speed_limit_kmh": 90.0, "surface": "asphalt", "aadt": 18229, "segment_no": 3, "length_m": 1023.4, "oneway": false }, "geometry": { "type": "LineString", "coordinates": [ [ 14.327690033157282, 41.829490980529897 ], [ 14.326261797514581, 41.833849093181989 ], [ 14.323337974755294, 41.838044093538514 ] ] } },
{ "type": "Feature", "properties": { "road_id": "R00176", "name": "A11 Ostrand Link", "road_class": "primary", "lanes": 2, "speed_limit_kmh": 90.0, "surface": "asphalt", "aadt": 18229, "segment_no": 4, "length_m": 1023.4, "oneway": true }, "geometry": { "type": "LineString", "coordinates": [ [ 14.323337974755294, 41.838044093538514 ], [ 14.321536970404678, 41.840627798122078 ], [ 14.316472835717551, 41.845667834181107 ] ] } },
{ "type": "Feature", "properties": { "road_id": "R00177", "name": "A11 Ostrand Link", "road_class": "primary", "lanes": 2, "speed_limit_kmh": 90.0, "surface": "asphalt", "aadt": 18229, "segment_no": 5, "length_m": 1023.4, "oneway": false }, "geometry": { "type": "LineString", "coordinates": [ [ 14.316472835717551, 41.845667834181107 ], [ 14.315207960354263, 41.846926530115326 ], [ 14.312361834765344, 41.854267633800227 ] ] } },
{ "type": "Feature", "properties": { "road_id": "R00178", "name": "B1001 Road", "road_class": "secondary", "lanes": 2, "speed_limit_kmh": 70.0, "surface": "asphalt", "aadt": 6018, "segment_no": 1, "length_m": 1011.4, "oneway": false }, "geometry": { "type": "LineString", "coordinates": [ [ 13.975650169537218, 41.698562176976857 ], [ 13.977969871833448, 41.707504122397118 ] ] } },
{ "type": "Feature", "properties": { "road_id": "R00179", "name": "B1001 Road", "road_class": "secondary", "lanes": 2, "speed_limit_kmh": 70.0, "surface": "asphalt", "aadt": 6018, "segment_no": 2, "length_m": 1011.4, "oneway": false }, "geometry": { "type": "LineString", "coordinates": [ [ 13.977969871833448, 41.707504122397118 ], [ 13.978441895727723, 41.709323372670312 ], [ 13.980944690396196, 41.716332878710737 ] ] } },
{ "type": "Feature", "properties": { "road_id": "R00180", "name": "B1001 Road", "road_class": "secondary", "lanes": 2, "speed_limit_kmh": 70.0, "surface": "asphalt", "aadt": 6018, "segment_no": 3, "length_m": 1011.4, "oneway": false }, "geometry": { "type": "LineString", "coordinates": [ [ 13.980944690396196, 41.716332878710737 ], [ 13.982201281040894, 41.719851595575456 ], [ 13.985026262600289, 41.724892151697773 ] ] } },
{ "type": "Feature", "properties": { "road_id": "R00181", "name": "B1001 Road", "road_class": "secondary", "lanes": 2, "speed_limit_kmh": 70.0, "surface": "asphalt", "aadt": 6018, "segment_no": 4, "length_m": 1011.4, "oneway": false }, "geometry": { "type": "LineString", "coordinates": [ [ 13.985026262600289, 41.724892151697773 ], [ 13.987847615498165, 41.729925389575556 ], [ 13.989909125954874, 41.733233023380016 ] ] } },
{ "type": "Feature", "properties": { "road_id": "R00182", "name": "B1001 Road", "road_class": "secondary", "lanes": 2, "speed_limit_kmh": 70.0, "surface": "asphalt", "aadt": 6018, "segment_no": 5, "length_m": 1011.4, "oneway": false }, "geometry": { "type": "LineString", "coordinates": [ [ 13.989909125954874, 41.733233023380016 ], [ 13.994044330696909, 41.739866718956073 ], [ 13.994883208207, 41.741540879645662 ] ] } },
{ "type": "Feature", "properties": { "road_id": "R00183", "name": "B1001 Road", "road_class": "secondary", "lanes": 2, "speed_limit_kmh": 70.0, "surface": "asphalt", "aadt": 6018, "segment_no": 6, "length_m": 1011.4, "oneway": false }, "geometry": { "type": "LineString", "coordinates": [ [ 13.994883208207, 41.741540879645662 ], [ 13.999157291669249, 41.750069310576237 ] ] } },
{ "type": "Feature", "properties": { "road_id": "R00184", "name": "B1002 Road", "road_class": "secondary", "lanes": 2, "speed_limit_kmh": 70.0, "surface": "asphalt", "aadt": 5657, "segment_no": 1, "length_m": 1080.0, "oneway": false }, "geometry": { "type": "LineString", "coordinates": [ [ 13.976396382318553, 41.698355914004239 ], [ 13.97271683525269, 41.689027978425671 ] ] } },
{ "type": "Feature", "properties": { "road_id": "R00185", "name": "B1002 Road", "road_class": "secondary", "lanes": 2, "speed_limit_kmh": 70.0, "surface": "asphalt", "aadt": 5657, "segment_no": 2, "length_m": 1080.0, "oneway": false }, "geometry": { "type": "LineString", "coordinates": [ [ 13.97271683525269, 41.689027978425671 ], [ 13.971978546018285, 41.68715602654494 ], [ 13.969231165456637, 41.679658704224956 ] ] } },
{ "type": "Feature", "properties": { "road_id": "R00186", "name": "B1002 Road", "road_class": "secondary", "lanes": 2, "speed_limit_kmh": 70.0, "surface": "asphalt", "aadt": 5657, "segment_no": 3, "length_m": 1080.0, "oneway": false }, "geometry": { "type": "LineString", "coordinates": [ [ 13.969231165456637, 41.679658704224956 ], [ 13.967855069347193, 41.675902814461125 ], [ 13.965948398175323, 41.67024862166754 ] ] } },
{ "type": "Feature", "properties": { "road_id": "R00187", "name": "B1002 Road", "road_class": "secondary", "lanes": 2, "speed_limit_kmh": 70.0, "surface": "asphalt", "aadt": 5657, "segment_no": 4, "length_m": 1080.0, "oneway": false }, "geometry": { "type": "LineString", "coordinates": [ [ 13.965948398175323, 41.67024862166754 ], [ 13.964041722152459, 41.664593419137731 ], [ 13.962758478529727, 41.660820189215151 ] ] } },
{ "type": "Feature", "properties": { "road_id": "R00188", "name": "B1002 Road", "road_class": "secondary", "lanes": 2, "speed_limit_kmh": 70.0, "surface": "asphalt", "aadt": 5657, "segment_no": 5, "length_m": 1080.0, "oneway": false }, "geometry": { "type": "LineString", "coordinates": [ [ 13.962758478529727, 41.660820189215151 ], [ 13.960197861119847, 41.653289663809659 ], [ 13.959726563927363, 41.651366259439747 ] ] } },
{ "type": "Feature", "properties": { "road_id": "R00189", "name": "B1002 Road", "road_class": "secondary", "lanes": 2, "speed_limit_kmh": 70.0, "surface": "asphalt", "aadt": 5657, "segment_no": 6, "length_m": 1080.0, "oneway": false }, "geometry": { "type": "LineString", "coordinates": [ [ 13.959726563927363, 41.651366259439747 ], [ 13.957382753498626, 41.641799302559676 ] ] } },
{ "type": "Feature", "properties": { "road_id": "R00190", "name": "B1017 Road", "road_class": "secondary", "lanes": 2, "speed_limit_kmh": 70.0, "surface": "asphalt", "aadt": 7550, "segment_no": 1, "length_m": 1163.5, "oneway": false }, "geometry": { "type": "LineString", "coordinates": [ [ 13.997924360187003, 41.749887962727065 ], [ 13.994591948726285, 41.760065498262819 ] ] } },
{ "type": "Feature", "properties": { "road_id": "R00191", "name": "B1017 Road", "road_class": "secondary", "lanes": 2, "speed_limit_kmh": 70.0, "surface": "asphalt", "aadt": 7550, "segment_no": 2, "length_m": 1163.5, "oneway": false }, "geometry": { "type": "LineString", "coordinates": [ [ 13.994591948726285, 41.760065498262819 ], [ 13.993268389964909, 41.764106833682753 ], [ 13.992260033905794, 41.770379455542937 ] ] } },
{ "type": "Feature", "properties": { "road_id": "R00192", "name": "B1017 Road", "road_class": "secondary", "lanes": 2, "speed_limit_kmh": 70.0, "surface": "asphalt", "aadt": 7550, "segment_no": 3, "length_m": 1163.5, "oneway": false }, "geometry": { "type": "LineString", "coordinates": [ [ 13.992260033905794, 41.770379455542937 ], [ 13.990918798212615, 41.778720766743909 ], [ 13.990478609817595, 41.780771875610832 ] ] } },
{ "type": "Feature", "properties": { "road_id": "R00193", "name": "B1017 Road", "road_class": "secondary", "lanes": 2, "speed_limit_kmh": 70.0, "surface": "asphalt", "aadt": 7550, "segment_no": 4, "length_m": 1163.5, "oneway": false }, "geometry": { "type": "LineString", "coordinates": [ [ 13.990478609817595, 41.780771875610832 ], [ 13.988257749298818, 41.791118108420193 ] ] } },
{ "type": "Feature", "properties": { "road_id": "R00194", "name": "B1017 Road", "road_class": "secondary", "lanes": 2, "speed_limit_kmh": 70.0, "surface": "asphalt", "aadt": 7550, "segment_no": 5, "length_m": 1163.5, "oneway": false }, "geometry": { "type": "LineString", "coordinates": [ [ 13.988257749298818, 41.791118108420193 ], [ 13.987809748072698, 41.793204763830929 ], [ 13.984570311058365, 41.801211308351654 ] ] } },
{ "type": "Feature", "properties": { "road_id": "R00195", "name": "B1017 Road", "road_class": "secondary", "lanes": 2, "speed_limit_kmh": 70.0, "surface": "asphalt", "aadt": 7550, "segment_no": 6, "length_m": 1163.5, "oneway": false }, "geometry": { "type": "LineString", "coordinates": [ [ 13.984570311058365, 41.801211308351654 ], [ 13.982127207221227, 41.807248226179013 ], [ 13.980664231010117, 41.811273307574496 ] ] } },
{ "type": "Feature", "properties": { "road_id": "R00196", "name": "B1017 Road", "road_class": "secondary", "lanes": 2, "speed_limit_kmh": 70.0, "surface": "asphalt", "aadt": 7550, "segment_no": 7, "length_m": 1163.5, "oneway": false }, "geometry": { "type": "LineString", "coordinates": [ [ 13.980664231010117, 41.811273307574496 ], [ 13.976988170189545, 41.821384857055804 ] ] } },
{ "type": "Feature", "properties": { "road_id": "R00197", "name": "B1036 Road", "road_class": "secondary", "lanes": 2, "speed_limit_kmh": 70.0, "surface": "asphalt", "aadt": 7497, "segment_no": 1, "length_m": 1188.8, "oneway": false }, "geometry": { "type": "LineString", "coordinates": [ [ 14.023822514955786, 41.613199481524077 ], [ 14.037898637409651, 41.614949535129242 ] ] } },
{ "type": "Feature", "properties": { "road_id": "R00198", "name": "B1036 Road", "road_class": "secondary", "lanes": 2, "speed_limit_kmh": 70.0, "surface": "asphalt", "aadt": 7497, "segment_no": 2, "length_m": 1188.8, "oneway": false }, "geometry": { "type": "LineString", "coordinates": [ [ 14.037898637409651, 41.614949535129242 ], [ 14.03789893938967, 41.61494957265429 ], [ 14.051962938463598, 41.616753070843444 ], [ 14.051963178583437, 41.616753107160683 ] ] } },
{ "type": "Feature", "properties": { "road_id": "R00199", "name": "B1036 Road", "road_class": "secondary", "lanes": 2, "speed_limit_kmh": 70.0, "surface": "asphalt", "aadt": 7497, "segment_no": 3, "length_m": 1188.8, "oneway": false }, "geometry": { "type": "LineString", "coordinates": [ [ 14.051963178583437, 41.616753107160683 ], [ 14.065951008613442, 41.618867796777103 ] ] } },
{ "type": "Feature", "properties": { "road_id": "R00200", "name": "B1036 Road", "road_class": "secondary", "lanes": 2, "speed_limit_kmh": 70.0, "surface": "asphalt", "aadt": 7497, "segment_no": 4, "length_m": 1188.8, "oneway": false }, "geometry": { "type": "LineString", "coordinates": [ [ 14.065951008613442, 41.618867796777103 ], [ 14.065952718679911, 41.61886805519385 ], [ 14.079978279198974, 41.6208317727882 ] ] } },
{ "type": "Feature", "properties": { "road_id": "R00201", "name": "B1036 Road", "road_class": "secondary", "lanes": 2, "speed_limit_kmh": 70.0, "surface": "asphalt", "aadt": 7497, "segment_no": 5, "length_m": 1188.8, "oneway": false }, "geometry": { "type": "LineString", "coordinates": [ [ 14.079978279198974, 41.6208317727882 ], [ 14.079979212729173, 41.62083190343089 ], [ 14.094035434065832, 41.622673421545521 ] ] } },
{ "type": "Feature", "properties": { "road_id": "R00202", "name": "B1049 Road", "road_class": "secondary", "lanes": 2, "speed_limit_kmh": 70.0, "surface": "gravel", "aadt": 4590, "segment_no": 1, "length_m": 1111.3, "oneway": false }, "geometry": { "type": "LineString", "coordinates": [ [ 14.080246937879734, 41.777927413494758 ], [ 14.093592164215792, 41.777296623791663 ] ] } },
{ "type": "Feature", "properties": { "road_id": "R00203", "name": "B1049 Road", "road_class": "secondary", "lanes": 2, "speed_limit_kmh": 70.0, "surface": "gravel", "aadt": 4590, "segment_no": 2, "length_m": 1111.3, "oneway": false }, "geometry": { "type": "LineString", "coordinates": [ [ 14.093592164215792, 41.777296623791663 ], [ 14.09623721570658, 41.777171414238829 ], [ 14.106957481140839, 41.777289173574971 ] ] } },
{ "type": "Feature", "properties": { "road_id": "R00204", "name": "B1049 Road", "road_class": "secondary", "lanes": 2, "speed_limit_kmh": 70.0, "surface": "gravel", "aadt": 4590, "segment_no": 3, "length_m": 1111.3, "oneway": false }, "geometry": { "type": "LineString", "coordinates": [ [ 14.106957481140839, 41.777289173574971 ], [ 14.112283097348159, 41.777347302051972 ], [ 14.120318734787508, 41.77764751847149 ] ] } },
{ "type": "Feature", "properties": { "road_id": "R00205", "name": "B1049 Road", "road_class": "secondary", "lanes": 2, "speed_limit_kmh": 70.0, "surface": "gravel", "aadt": 4590, "segment_no": 4, "length_m": 1111.3, "oneway": true }, "geometry": { "type": "LineString", "coordinates": [ [ 14.120318734787508, 41.77764751847149 ], [ 14.128354737617673, 41.777947183949642 ], [ 14.133677057756978, 41.777799736577776 ] ] } },
{ "type": "Feature", "properties": { "road_id": "R00206", "name": "B1049 Road", "road_class": "secondary", "lanes": 2, "speed_limit_kmh": 70.0, "surface": "gravel", "aadt": 4590, "segment_no": 5, "length_m": 1111.3, "oneway": false }, "geometry": { "type": "LineString", "coordinates": [ [ 14.133677057756978, 41.777799736577776 ], [ 14.144363797861633, 41.777502928455142 ], [ 14.147026427752294, 41.777289744833467 ] ] } },
{ "type": "Feature", "properties": { "road_id": "R00207", "name": "B1049 Road", "road_class": "secondary", "lanes": 2, "speed_limit_kmh": 70.0, "surface": "gravel", "aadt": 4590, "segment_no": 6, "length_m": 1111.3, "oneway": false }, "geometry": { "type": "LineString", "coordinates": [ [ 14.147026427752294, 41.777289744833467 ], [ 14.160322215307563, 41.776224270774655 ] ] } },
{ "type": "Feature", "properties": { "road_id": "R00208", "name": "B10513 Road", "road_class": "secondary", "lanes": 2, "speed_limit_kmh": 70.0, "surface": "asphalt", "aadt": 6006, "segment_no": 1, "length_m": 1169.6, "oneway": false }, "geometry": { "type": "LineString", "coordinates": [ [ 13.900698372025563, 41.771427584742767 ], [ 13.901659458018953, 41.781936286362836 ] ] } },
{ "type": "Feature", "properties": { "road_id": "R00209", "name": "B10513 Road", "road_class": "secondary", "lanes": 2, "speed_limit_kmh": 70.0, "surface": "asphalt", "aadt": 6006, "segment_no": 2, "length_m": 1169.6, "oneway": false }, "geometry": { "type": "LineString", "coordinates": [ [ 13.901659458018953, 41.781936286362836 ], [ 13.902043559422992, 41.786135271806799 ], [ 13.90292322440602, 41.792425380074462 ] ] } },
{ "type": "Feature", "properties": { "road_id": "R00210", "name": "B10513 Road", "road_class": "secondary", "lanes": 2, "speed_limit_kmh": 70.0, "surface": "asphalt", "aadt": 6006, "segment_no": 3, "length_m": 1169.6, "oneway": false }, "geometry": { "type": "LineString", "coordinates": [ [ 13.90292322440602, 41.792425380074462 ], [ 13.904094522589789, 41.800799050325757 ], [ 13.90439242498501, 41.802901112290058 ] ] } },
{ "type": "Feature", "properties": { "road_id": "R00211", "name": "B10513 Road", "road_class": "secondary", "lanes": 2, "speed_limit_kmh": 70.0, "surface": "asphalt", "aadt": 6006, "segment_no": 4, "length_m": 1169.6, "oneway": false }, "geometry": { "type": "LineString", "coordinates": [ [ 13.90439242498501, 41.802901112290058 ], [ 13.905877135294343, 41.813375624834002 ] ] } },
{ "type": "Feature", "properties": { "road_id": "R00212", "name": "B10513 Road", "road_class": "secondary", "lanes": 2, "speed_limit_kmh": 70.0, "surface": "asphalt", "aadt": 6006, "segment_no": 5, "length_m": 1169.6, "oneway": false }, "geometry": { "type": "LineString", "coordinates": [ [ 13.905877135294343, 41.813375624834002 ], [ 13.906172798125702, 41.815461121475764 ], [ 13.906505697332769, 41.823893484343138 ] ] } },
{ "type": "Feature", "properties": { "road_id": "R00213", "name": "B10513 Road", "road_class": "secondary", "lanes": 2, "speed_limit_kmh": 70.0, "surface": "asphalt", "aadt": 6006, "segment_no": 6, "length_m": 1169.6, "oneway": false }, "geometry": { "type": "LineString", "coordinates": [ [ 13.906505697332769, 41.823893484343138 ], [ 13.906755352895518, 41.830216211016285 ], [ 13.907175009441648, 41.83441222006266 ] ] } },
{ "type": "Feature", "properties": { "road_id": "R00214", "name": "B10513 Road", "road_class": "secondary", "lanes": 2, "speed_limit_kmh": 70.0, "surface": "asphalt", "aadt": 6006, "segment_no": 7, "length_m": 1169.6, "oneway": false }, "geometry": { "type": "LineString", "coordinates": [ [ 13.907175009441648, 41.83441222006266 ], [ 13.908225750346237, 41.844916068989193 ] ] } },
{ "type": "Feature", "properties": { "road_id": "R00215", "name": "B1057 Road", "road_class": "secondary", "lanes": 2, "speed_limit_kmh": 70.0, "surface": "asphalt", "aadt": 3419, "segment_no": 1, "length_m": 1054.9, "oneway": false }, "geometry": { "type": "LineString", "coordinates": [ [ 13.900679326368939, 41.77159174012273 ], [ 13.91003474418952, 41.778011760776003 ] ] } },
{ "type": "Feature", "properties": { "road_id": "R00216", "name": "B1057 Road", "road_class": "secondary", "lanes": 2, "speed_limit_kmh": 70.0, "surface": "asphalt", "aadt": 3419, "segment_no": 2, "length_m": 1054.9, "oneway": false }, "geometry": { "type": "LineString", "coordinates": [ [ 13.91003474418952, 41.778011760776003 ], [ 13.915643319254045, 41.78185959176583 ], [ 13.919545048093351, 41.784300186441676 ] ] } },
{ "type": "Feature", "properties": { "road_id": "R00217", "name": "B1057 Road", "road_class": "secondary", "lanes": 2, "speed_limit_kmh": 70.0, "surface": "asphalt", "aadt": 3419, "segment_no": 3, "length_m": 1054.9, "oneway": false }, "geometry": { "type": "LineString", "coordinates": [ [ 13.919545048093351, 41.784300186441676 ], [ 13.929286164369655, 41.790392034706485 ] ] } },
{ "type": "Feature", "properties": { "road_id": "R00218", "name": "B1057 Road", "road_class": "secondary", "lanes": 2, "speed_limit_kmh": 70.0, "surface": "asphalt", "aadt": 3419, "segment_no": 4, "length_m": 1054.9, "oneway": false }, "geometry": { "type": "LineString", "coordinates": [ [ 13.929286164369655, 41.790392034706485 ], [ 13.931223063329099, 41.791603087918389 ], [ 13.939291531733375, 41.796237890048154 ] ] } },
{ "type": "Feature", "properties": { "road_id": "R00219", "name": "B1057 Road", "road_class": "secondary", "lanes": 2, "speed_limit_kmh": 70.0, "surface": "asphalt", "aadt": 3419, "segment_no": 5, "length_m": 1054.9, "oneway": false }, "geometry": { "type": "LineString", "coordinates": [ [ 13.939291531733375, 41.796237890048154 ], [ 13.947360366404601, 41.80087167493452 ], [ 13.949253220125046, 41.802122535212789 ] ] } },
{ "type": "Feature", "properties": { "road_id": "R00220", "name": "B1057 Road", "road_class": "secondary", "lanes": 2, "speed_limit_kmh": 70.0, "surface": "asphalt", "aadt": 3419, "segment_no": 6, "length_m": 1054.9, "oneway": false }, "geometry": { "type": "LineString", "coordinates": [ [ 13.949253220125046, 41.802122535212789 ], [ 13.958771215990994, 41.80841113841614 ] ] } },
{ "type": "Feature", "properties": { "road_id": "R00221", "name": "B1057 Road", "road_class": "secondary", "lanes": 2, "speed_limit_kmh": 70.0, "surface": "asphalt", "aadt": 3419, "segment_no": 7, "length_m": 1054.9, "oneway": false }, "geometry": { "type": "LineString", "coordinates": [ [ 13.958771215990994, 41.80841113841614 ], [ 13.962580015888294, 41.810927075696029 ], [ 13.968143693067814, 41.814820304077813 ] ] } },
{ "type": "Feature", "properties": { "road_id": "R00222", "name": "B1057 Road", "road_class": "secondary", "lanes": 2, "speed_limit_kmh": 70.0, "surface": "asphalt", "aadt": 3419, "segment_no": 8, "length_m": 1054.9, "oneway": false }, "geometry": { "type": "LineString", "coordinates": [ [ 13.968143693067814, 41.814820304077813 ], [ 13.977419740549019, 41.821309656134751 ] ] } },
{ "type": "Feature", "properties": { "road_id": "R00223", "name": "B10612 Road", "road_class": "secondary", "lanes": 2, "speed_limit_kmh": 70.0, "surface": "asphalt", "aadt": 2166, "segment_no": 1, "length_m": 1077.1, "oneway": false }, "geometry": { "type": "LineString", "coordinates": [ [ 14.093738805332638, 41.621409983123101 ], [ 14.10611650868222, 41.618608457701328 ] ] } },
{ "type": "Feature", "properties": { "road_id": "R00224", "name": "B10612 Road", "road_class": "secondary", "lanes": 2, "speed_limit_kmh": 70.0, "surface": "asphalt", "aadt": 2166, "segment_no": 2, "length_m": 1077.1, "oneway": false }, "geometry": { "type": "LineString", "coordinates": [ [ 14.10611650868222, 41.618608457701328 ], [ 14.10861708291009, 41.618042294452472 ], [ 14.118751167667799, 41.616594439699242 ] ] } },
{ "type": "Feature", "properties": { "road_id": "R00225", "name": "B10612 Road", "road_class": "secondary", "lanes": 2, "speed_limit_kmh": 70.0, "surface": "asphalt", "aadt": 2166, "segment_no": 3, "length_m": 1077.1, "oneway": false }, "geometry": { "type": "LineString", "coordinates": [ [ 14.118751167667799, 41.616594439699242 ], [ 14.123773867715608, 41.615876491357461 ], [ 14.131578593597785, 41.61557975766307 ] ] } },
{ "type": "Feature", "properties": { "road_id": "R00226", "name": "B10612 Road", "road_class": "secondary", "lanes": 2, "speed_limit_kmh": 70.0, "surface": "asphalt", "aadt": 2166, "segment_no": 4, "length_m": 1077.1, "oneway": false }, "geometry": { "type": "LineString", "coordinates": [ [ 14.131578593597785, 41.61557975766307 ], [ 14.139296909549108, 41.615285785061303 ], [ 14.144495800885043, 41.615231036751126 ] ] } },
{ "type": "Feature", "properties": { "road_id": "R00227", "name": "B10612 Road", "road_class": "secondary", "lanes": 2, "speed_limit_kmh": 70.0, "surface": "asphalt", "aadt": 2166, "segment_no": 5, "length_m": 1077.1, "oneway": true }, "geometry": { "type": "LineString", "coordinates": [ [ 14.144495800885043, 41.615231036751126 ], [ 14.154919375349662, 41.615120559790206 ], [ 14.157393828799304, 41.614837586930165 ] ] } },
{ "type": "Feature", "properties": { "road_id": "R00228", "name": "B10612 Road", "road_class": "secondary", "lanes": 2, "speed_limit_kmh": 70.0, "surface": "asphalt", "aadt": 2166, "segment_no": 6, "length_m": 1077.1, "oneway": false }, "geometry": { "type": "LineString", "coordinates": [ [ 14.157393828799304, 41.614837586930165 ], [ 14.170173572034676, 41.613375235377745 ], [ 14.170173572034676, 41.613375235377745 ] ] } },
{ "type": "Feature", "properties": { "road_id": "R00229", "name": "B10615 Road", "road_class": "secondary", "lanes": 2, "speed_limit_kmh": 70.0, "surface": "asphalt", "aadt": 3720, "segment_no": 1, "length_m": 1048.5, "oneway": false }, "geometry": { "type": "LineString", "coordinates": [ [ 14.09438829155213, 41.622782945552153 ], [ 14.09898294277477, 41.613990962086945 ] ] } },
{ "type": "Feature", "properties": { "road_id": "R00230", "name": "B10615 Road", "road_class": "secondary", "lanes": 2, "speed_limit_kmh": 70.0, "surface": "asphalt", "aadt": 3720, "segment_no": 2, "length_m": 1048.5, "oneway": false }, "geometry": { "type": "LineString", "coordinates": [ [ 14.09898294277477, 41.613990962086945 ], [ 14.100808336711971, 41.61049729311118 ], [ 14.103755509382669, 41.60525348474409 ] ] } },
{ "type": "Feature", "properties": { "road_id": "R00231", "name": "B10615 Road", "road_class": "secondary", "lanes": 2, "speed_limit_kmh": 70.0, "surface": "asphalt", "aadt": 3720, "segment_no": 3, "length_m": 1048.5, "oneway": false }, "geometry": { "type": "LineString", "coordinates": [ [ 14.103755509382669, 41.60525348474409 ], [ 14.107644613990455, 41.598332280619523 ], [ 14.108800507271992, 41.596605762729517 ] ] } },
{ "type": "Feature", "properties": { "road_id": "R00232", "name": "B10615 Road", "road_class": "secondary", "lanes": 2, "speed_limit_kmh": 70.0, "surface": "asphalt", "aadt": 3720, "segment_no": 4, "length_m": 1048.5, "oneway": false }, "geometry": { "type": "LineString", "coordinates": [ [ 14.108800507271992, 41.596605762729517 ], [ 14.114448974030982, 41.588167322754671 ] ] } },
{ "type": "Feature", "properties": { "road_id": "R00233", "name": "B10615 Road", "road_class": "secondary", "lanes": 2, "speed_limit_kmh": 70.0, "surface": "asphalt", "aadt": 3720, "segment_no": 5, "length_m": 1048.5, "oneway": false }, "geometry": { "type": "LineString", "coordinates": [ [ 14.114448974030982, 41.588167322754671 ], [ 14.115575540880048, 41.586484003637437 ], [ 14.11923043437937, 41.579439532710701 ] ] } },
{ "type": "Feature", "properties": { "road_id": "R00234", "name": "B10615 Road", "road_class": "secondary", "lanes": 2, "speed_limit_kmh": 70.0, "surface": "asphalt", "aadt": 3720, "segment_no": 6, "length_m": 1048.5, "oneway": false }, "geometry": { "type": "LineString", "coordinates": [ [ 14.11923043437937, 41.579439532710701 ], [ 14.121954806841501, 41.574187458815295 ], [ 14.123337652642416, 41.570524248044734 ] ] } },
{ "type": "Feature", "properties": { "road_id": "R00235", "name": "B10615 Road", "road_class": "secondary", "lanes": 2, "speed_limit_kmh": 70.0, "surface": "asphalt", "aadt": 3720, "segment_no": 7, "length_m": 1048.5, "oneway": false }, "geometry": { "type": "LineString", "coordinates": [ [ 14.123337652642416, 41.570524248044734 ], [ 14.126766872714727, 41.561438202355575 ] ] } },
{ "type": "Feature", "properties": { "road_id": "R00236", "name": "B10713 Road", "road_class": "secondary", "lanes": 2, "speed_limit_kmh": 70.0, "surface": "gravel", "aadt": 7468, "segment_no": 1, "length_m": 1040.1, "oneway": false }, "geometry": { "type": "LineString", "coordinates": [ [ 13.976999370818824, 41.820986130066821 ], [ 13.965484061069297, 41.824667658913036 ] ] } },
{ "type": "Feature", "properties": { "road_id": "R00237", "name": "B10713 Road", "road_class": "secondary", "lanes": 2, "speed_limit_kmh": 70.0, "surface": "gravel", "aadt": 7468, "segment_no": 2, "length_m": 1040.1, "oneway": false }, "geometry": { "type": "LineString", "coordinates": [ [ 13.965484061069297, 41.824667658913036 ], [ 13.963189143848615, 41.825401171042166 ], [ 13.954131427019332, 41.828620009852798 ] ] } },
{ "type": "Feature", "properties": { "road_id": "R00238", "name": "B10713 Road", "road_class": "secondary", "lanes": 2, "speed_limit_kmh": 70.0, "surface": "gravel", "aadt": 7468, "segment_no": 3, "length_m": 1040.1, "oneway": false }, "geometry": { "type": "LineString", "coordinates": [ [ 13.954131427019332, 41.828620009852798 ], [ 13.949626395736672, 41.830220572705073 ], [ 13.942650128804035, 41.832354176369144 ] ] } },
{ "type": "Feature", "properties": { "road_id": "R00239", "name": "B10713 Road", "road_class": "secondary", "lanes": 2, "speed_limit_kmh": 70.0, "surface": "gravel", "aadt": 7468, "segment_no": 4, "length_m": 1040.1, "oneway": true }, "geometry": { "type": "LineString", "coordinates": [ [ 13.942650128804035, 41.832354176369144 ], [ 13.935715495705486, 41.834474482560282 ], [ 13.931030361482904, 41.835850299840082 ] ] } },
{ "type": "Feature", "properties": { "road_id": "R00240", "name": "B10713 Road", "road_class": "secondary", "lanes": 2, "speed_limit_kmh": 70.0, "surface": "gravel", "aadt": 7468, "segment_no": 5, "length_m": 1040.1, "oneway": false }, "geometry": { "type": "LineString", "coordinates": [ [ 13.931030361482904, 41.835850299840082 ], [ 13.921715743817177, 41.838584844462403 ], [ 13.919494987180075, 41.839474222643709 ] ] } },
{ "type": "Feature", "properties": { "road_id": "R00241", "name": "B10713 Road", "road_class": "secondary", "lanes": 2, "speed_limit_kmh": 70.0, "surface": "gravel", "aadt": 7468, "segment_no": 6, "length_m": 1040.1, "oneway": false }, "geometry": { "type": "LineString", "coordinates": [ [ 13.919494987180075, 41.839474222643709 ], [ 13.908451796649912, 41.843895834708761 ] ] } },
{ "type": "Feature", "properties": { "road_id": "R00242", "name": "B10810 Road", "road_class": "secondary", "lanes": 2, "speed_limit_kmh": 70.0, "surface": "gravel", "aadt": 5167, "segment_no": 1, "length_m": 1121.0, "oneway": false }, "geometry": { "type": "LineString", "coordinates": [ [ 14.152681509935412, 41.672658196668131 ], [ 14.161188080596155, 41.68048545313858 ] ] } },
{ "type": "Feature", "properties": { "road_id": "R00243", "name": "B10810 Road", "road_class": "secondary", "lanes": 2, "speed_limit_kmh": 70.0, "surface": "gravel", "aadt": 5167, "segment_no": 2, "length_m": 1121.0, "oneway": false }, "geometry": { "type": "LineString", "coordinates": [ [ 14.161188080596155, 41.68048545313858 ], [ 14.161190046513283, 41.680487261771837 ], [ 14.169445231103365, 41.688462015182907 ] ] } },
{ "type": "Feature", "properties": { "road_id": "R00244", "name": "B10810 Road", "road_class": "secondary", "lanes": 2, "speed_limit_kmh": 70.0, "surface": "gravel", "aadt": 5167, "segment_no": 3, "length_m": 1121.0, "oneway": false }, "geometry": { "type": "LineString", "coordinates": [ [ 14.169445231103365, 41.688462015182907 ], [ 14.1694629166822, 41.688479097241228 ], [ 14.17886686756739, 41.695677698037599 ] ] } },
{ "type": "Feature", "properties": { "road_id": "R00245", "name": "B10810 Road", "road_class": "secondary", "lanes": 2, "speed_limit_kmh": 70.0, "surface": "gravel", "aadt": 5167, "segment_no": 4, "length_m": 1121.0, "oneway": false }, "geometry": { "type": "LineString", "coordinates": [ [ 14.17886686756739, 41.695677698037599 ], [ 14.178878277744845, 41.695686430942366 ], [ 14.188479405714064, 41.702751532523465 ] ] } },
{ "type": "Feature", "properties": { "road_id": "R00246", "name": "B10810 Road", "road_class": "secondary", "lanes": 2, "speed_limit_kmh": 70.0, "surface": "gravel", "aadt": 5167, "segment_no": 5, "length_m": 1121.0, "oneway": false }, "geometry": { "type": "LineString", "coordinates": [ [ 14.188479405714064, 41.702751532523465 ], [ 14.188490091715197, 41.702759394638498 ], [ 14.197849263198203, 41.71000671392251 ] ] } },
{ "type": "Feature", "properties": { "road_id": "R00247", "name": "B10812 Road", "road_class": "secondary", "lanes": 2, "speed_limit_kmh": 70.0, "surface": "gravel", "aadt": 2020, "segment_no": 1, "length_m": 1136.4, "oneway": false }, "geometry": { "type": "LineString", "coordinates": [ [ 14.151905863484739, 41.67259341219038 ], [ 14.154235319145069, 41.662508185396945 ] ] } },
{ "type": "Feature", "properties": { "road_id": "R00248", "name": "B10812 Road", "road_class": "secondary", "lanes": 2, "speed_limit_kmh": 70.0, "surface": "gravel", "aadt": 2020, "segment_no": 2, "length_m": 1136.4, "oneway": false }, "geometry": { "type": "LineString", "coordinates": [ [ 14.154235319145069, 41.662508185396945 ], [ 14.154702798961498, 41.66048386076897 ], [ 14.157034605106203, 41.652492019124963 ] ] } },
{ "type": "Feature", "properties": { "road_id": "R00249", "name": "B10812 Road", "road_class": "secondary", "lanes": 2, "speed_limit_kmh": 70.0, "surface": "gravel", "aadt": 2020, "segment_no": 3, "length_m": 1136.4, "oneway": false }, "geometry": { "type": "LineString", "coordinates": [ [ 14.157034605106203, 41.652492019124963 ], [ 14.158202307936552, 41.648489143326763 ], [ 14.160112390680705, 41.642520858835681 ] ] } },
{ "type": "Feature", "properties": { "road_id": "R00250", "name": "B10812 Road", "road_class": "secondary", "lanes": 2, "speed_limit_kmh": 70.0, "surface": "gravel", "aadt": 2020, "segment_no": 4, "length_m": 1136.4, "oneway": false }, "geometry": { "type": "LineString", "coordinates": [ [ 14.160112390680705, 41.642520858835681 ], [ 14.162023850857988, 41.636547099429457 ], [ 14.163275526834918, 41.632564306255325 ] ] } },
{ "type": "Feature", "properties": { "road_id": "R00251", "name": "B10812 Road", "road_class": "secondary", "lanes": 2, "speed_limit_kmh": 70.0, "surface": "gravel", "aadt": 2020, "segment_no": 5, "length_m": 1136.4, "oneway": false }, "geometry": { "type": "LineString", "coordinates": [ [ 14.163275526834918, 41.632564306255325 ], [ 14.165779744117897, 41.624594404465661 ], [ 14.166427550440229, 41.62260587193397 ] ] } },
{ "type": "Feature", "properties": { "road_id": "R00252", "name": "B10812 Road", "road_class": "secondary", "lanes": 2, "speed_limit_kmh": 70.0, "surface": "gravel", "aadt": 2020, "segment_no": 6, "length_m": 1136.4, "oneway": false }, "geometry": { "type": "LineString", "coordinates": [ [ 14.166427550440229, 41.62260587193397 ], [ 14.169665992910931, 41.612663071317307 ] ] } },
{ "type": "Feature", "properties": { "road_id": "R00253", "name": "B10910 Road", "road_class": "secondary", "lanes": 2, "speed_limit_kmh": 70.0, "surface": "gravel", "aadt": 6638, "segment_no": 1, "length_m": 1137.6, "oneway": false }, "geometry": { "type": "LineString", "coordinates": [ [ 14.159569380886001, 41.775397832501504 ], [ 14.164244069409683, 41.76576830475733 ] ] } },
{ "type": "Feature", "properties": { "road_id": "R00254", "name": "B10910 Road", "road_class": "secondary", "lanes": 2, "speed_limit_kmh": 70.0, "surface": "gravel", "aadt": 6638, "segment_no": 2, "length_m": 1137.6, "oneway": false }, "geometry": { "type": "LineString", "coordinates": [ [ 14.164244069409683, 41.76576830475733 ], [ 14.166113187870007, 41.761917173607408 ], [ 14.168919362446044, 41.756139108581181 ] ] } },
{ "type": "Feature", "properties": { "road_id": "R00255", "name": "B10910 Road", "road_class": "secondary", "lanes": 2, "speed_limit_kmh": 70.0, "surface": "gravel", "aadt": 6638, "segment_no": 3, "length_m": 1137.6, "oneway": false }, "geometry": { "type": "LineString", "coordinates": [ [ 14.168919362446044, 41.756139108581181 ], [ 14.17265883545682, 41.748437574220297 ], [ 14.173652982468813, 41.746526526205123 ] ] } },
{ "type": "Feature", "properties": { "road_id": "R00256", "name": "B10910 Road", "road_class": "secondary", "lanes": 2, "speed_limit_kmh": 70.0, "surface": "gravel", "aadt": 6638, "segment_no": 4, "length_m": 1137.6, "oneway": false }, "geometry": { "type": "LineString", "coordinates": [ [ 14.173652982468813, 41.746526526205123 ], [ 14.178618473125345, 41.736979501570907 ] ] } },
{ "type": "Feature", "properties": { "road_id": "R00257", "name": "B10910 Road", "road_class": "secondary", "lanes": 2, "speed_limit_kmh": 70.0, "surface": "gravel", "aadt": 6638, "segment_no": 5, "length_m": 1137.6, "oneway": false }, "geometry": { "type": "LineString", "coordinates": [ [ 14.178618473125345, 41.736979501570907 ], [ 14.179602713663959, 41.735086757649853 ], [ 14.184348742818658, 41.727681353551901 ] ] } },
{ "type": "Feature", "properties": { "road_id": "R00258", "name": "B10910 Road", "road_class": "secondary", "lanes": 2, "speed_limit_kmh": 70.0, "surface": "gravel", "aadt": 6638, "segment_no": 6, "length_m": 1137.6, "oneway": false }, "geometry": { "type": "LineString", "coordinates": [ [ 14.184348742818658, 41.727681353551901 ], [ 14.187882188102568, 41.722166733419236 ], [ 14.19049448463339, 41.718531274351555 ] ] } },
{ "type": "Feature", "properties": { "road_id": "R00259", "name": "B10910 Road", "road_class": "secondary", "lanes": 2, "speed_limit_kmh": 70.0, "surface": "gravel", "aadt": 6638, "segment_no": 7, "length_m": 1137.6, "oneway": true }, "geometry": { "type": "LineString", "coordinates": [ [ 14.19049448463339, 41.718531274351555 ], [ 14.196975758953448, 41.709509406943724 ] ] } },
{ "type": "Feature", "properties": { "road_id": "R00260", "name": "B11216 Road", "road_class": "secondary", "lanes": 2, "speed_limit_kmh": 70.0, "surface": "asphalt", "aadt": 6425, "segment_no": 1, "length_m": 1003.7, "oneway": false }, "geometry": { "type": "LineString", "coordinates": [ [ 14.16925728054038, 41.611898586638404 ], [ 14.178405037798738, 41.606036060454457 ], [ 14.178418598915156, 41.606029789731359 ] ] } },
{ "type": "Feature", "properties": { "road_id": "R00261", "name": "B11216 Road", "road_class": "secondary", "lanes": 2, "speed_limit_kmh": 70.0, "surface": "asphalt", "aadt": 6425, "segment_no": 2, "length_m": 1003.7, "oneway": false }, "geometry": { "type": "LineString", "coordinates": [ [ 14.178418598915156, 41.606029789731359 ], [ 14.188612314191859, 41.601315365779122 ], [ 14.188676475241206, 41.601293292449 ] ] } },
{ "type": "Feature", "properties": { "road_id": "R00262", "name": "B11216 Road", "road_class": "secondary", "lanes": 2, "speed_limit_kmh": 70.0, "surface": "asphalt", "aadt": 6425, "segment_no": 3, "length_m": 1003.7, "oneway": false }, "geometry": { "type": "LineString", "coordinates": [ [ 14.188676475241206, 41.601293292449 ], [ 14.199624248530831, 41.59752617985901 ] ] } },
{ "type": "Feature", "properties": { "road_id": "R00263", "name": "B11216 Road", "road_class": "secondary", "lanes": 2, "speed_limit_kmh": 70.0, "surface": "asphalt", "aadt": 6425, "segment_no": 4, "length_m": 1003.7, "oneway": false }, "geometry": { "type": "LineString", "coordinates": [ [ 14.199624248530831, 41.59752617985901 ], [ 14.19966975088213, 41.597510519457636 ], [ 14.210239482280674, 41.593257413630447 ] ] } },
{ "type": "Feature", "properties": { "road_id": "R00264", "name": "B11216 Road", "road_class": "secondary", "lanes": 2, "speed_limit_kmh": 70.0, "surface": "asphalt", "aadt": 6425, "segment_no": 5, "length_m": 1003.7, "oneway": false }, "geometry": { "type": "LineString", "coordinates": [ [ 14.210239482280674, 41.593257413630447 ], [ 14.21029109601321, 41.593236641235315 ], [ 14.219761198282612, 41.587724455217156 ] ] } },
{ "type": "Feature", "properties": { "road_id": "R00265", "name": "B11516 Road", "road_class": "secondary", "lanes": 2, "speed_limit_kmh": 70.0, "surface": "asphalt", "aadt": 6668, "segment_no": 1, "length_m": 1190.3, "oneway": false }, "geometry": { "type": "LineString", "coordinates": [ [ 14.126352576786431, 41.5596205205971 ], [ 14.140115839000899, 41.562462842056327 ] ] } },
{ "type": "Feature", "properties": { "road_id": "R00266", "name": "B11516 Road", "road_class": "secondary", "lanes": 2, "speed_limit_kmh": 70.0, "surface": "asphalt", "aadt": 6668, "segment_no": 2, "length_m": 1190.3, "oneway": false }, "geometry": { "type": "LineString", "coordinates": [ [ 14.140115839000899, 41.562462842056327 ], [ 14.145639029190088, 41.563602932309323 ], [ 14.153474263072329, 41.566167051804413 ] ] } },
{ "type": "Feature", "properties": { "road_id": "R00267", "name": "B11516 Road", "road_class": "secondary", "lanes": 2, "speed_limit_kmh": 70.0, "surface": "asphalt", "aadt": 6668, "segment_no": 3, "length_m": 1190.3, "oneway": false }, "geometry": { "type": "LineString", "coordinates": [ [ 14.153474263072329, 41.566167051804413 ], [ 14.16394004115711, 41.569590884498155 ], [ 14.166485114124988, 41.570570721014072 ] ] } },
{ "type": "Feature", "properties": { "road_id": "R00268", "name": "B11516 Road", "road_class": "secondary", "lanes": 2, "speed_limit_kmh": 70.0, "surface": "asphalt", "aadt": 6668, "segment_no": 4, "length_m": 1190.3, "oneway": false }, "geometry": { "type": "LineString", "coordinates": [ [ 14.166485114124988, 41.570570721014072 ], [ 14.179190217464274, 41.575460821809003 ] ] } },
{ "type": "Feature", "properties": { "road_id": "R00269", "name": "B11516 Road", "road_class": "secondary", "lanes": 2, "speed_limit_kmh": 70.0, "surface": "asphalt", "aadt": 6668, "segment_no": 5, "length_m": 1190.3, "oneway": false }, "geometry": { "type": "LineString", "coordinates": [ [ 14.179190217464274, 41.575460821809003 ], [ 14.181806271220061, 41.576467456627697 ], [ 14.192234228338833, 41.579809859395837 ] ] } },
{ "type": "Feature", "properties": { "road_id": "R00270", "name": "B11516 Road", "road_class": "secondary", "lanes": 2, "speed_limit_kmh": 70.0, "surface": "asphalt", "aadt": 6668, "segment_no": 6, "length_m": 1190.3, "oneway": true }, "geometry": { "type": "LineString", "coordinates": [ [ 14.192234228338833, 41.579809859395837 ], [ 14.200163115125523, 41.582350390896956 ], [ 14.205498269086691, 41.583765090249415 ] ] } },
{ "type": "Feature", "properties": { "road_id": "R00271", "name": "B11516 Road", "road_class": "secondary", "lanes": 2, "speed_limit_kmh": 70.0, "surface": "asphalt", "aadt": 6668, "segment_no": 7, "length_m": 1190.3, "oneway": true }, "geometry": { "type": "LineString", "coordinates": [ [ 14.205498269086691, 41.583765090249415 ], [ 14.21896335282848, 41.587334195448697 ] ] } },
{ "type": "Feature", "properties": { "road_id": "R00272", "name": "B11619 Road", "road_class": "secondary", "lanes": 2, "speed_limit_kmh": 70.0, "surface": "gravel", "aadt": 2103, "segment_no": 1, "length_m": 1087.2, "oneway": false }, "geometry": { "type": "LineString", "coordinates": [ [ 14.219270092658276, 41.588270940493814 ], [ 14.232310967514833, 41.588435182589549 ] ] } },
{ "type": "Feature", "properties": { "road_id": "R00273", "name": "B11619 Road", "road_class": "secondary", "lanes": 2, "speed_limit_kmh": 70.0, "surface": "gravel", "aadt": 2103, "segment_no": 2, "length_m": 1087.2, "oneway": true }, "geometry": { "type": "LineString", "coordinates": [ [ 14.232310967514833, 41.588435182589549 ], [ 14.232343891601808, 41.588435595376154 ], [ 14.245189632599542, 41.586889991423632 ] ] } },
{ "type": "Feature", "properties": { "road_id": "R00274", "name": "B11619 Road", "road_class": "secondary", "lanes": 2, "speed_limit_kmh": 70.0, "surface": "gravel", "aadt": 2103, "segment_no": 3, "length_m": 1087.2, "oneway": false }, "geometry": { "type": "LineString", "coordinates": [ [ 14.245189632599542, 41.586889991423632 ], [ 14.245202054018609, 41.586888496142436 ], [ 14.257884213055494, 41.584644332777579 ] ] } },
{ "type": "Feature", "properties": { "road_id": "R00275", "name": "B11619 Road", "road_class": "secondary", "lanes": 2, "speed_limit_kmh": 70.0, "surface": "gravel", "aadt": 2103, "segment_no": 4, "length_m": 1087.2, "oneway": false }, "geometry": { "type": "LineString", "coordinates": [ [ 14.257884213055494, 41.584644332777579 ], [ 14.257969831817517, 41.584629176865533 ], [ 14.270819235573326, 41.583396103736284 ] ] } },
{ "type": "Feature", "properties": { "road_id": "R00276", "name": "B11619 Road", "road_class": "secondary", "lanes": 2, "speed_limit_kmh": 70.0, "surface": "gravel", "aadt": 2103, "segment_no": 5, "length_m": 1087.2, "oneway": false }, "geometry": { "type": "LineString", "coordinates": [ [ 14.270819235573326, 41.583396103736284 ], [ 14.270866193058552, 41.583391594809967 ], [ 14.283807900538882, 41.582514121944143 ] ] } },
{ "type": "Feature", "properties": { "road_id": "R00277", "name": "B11718 Road", "road_class": "secondary", "lanes": 2, "speed_limit_kmh": 70.0, "surface": "gravel", "aadt": 3319, "segment_no": 1, "length_m": 1147.7, "oneway": false }, "geometry": { "type": "LineString", "coordinates": [ [ 14.30208850708064, 41.750085336165554 ], [ 14.304640105590508, 41.73992615692557 ] ] } },
{ "type": "Feature", "properties": { "road_id": "R00278", "name": "B11718 Road", "road_class": "secondary", "lanes": 2, "speed_limit_kmh": 70.0, "surface": "gravel", "aadt": 3319, "segment_no": 2, "length_m": 1147.7, "oneway": false }, "geometry": { "type": "LineString", "coordinates": [ [ 14.304640105590508, 41.73992615692557 ], [ 14.305657284445592, 41.735875324480894 ], [ 14.306812303064714, 41.729720327828467 ] ] } },
{ "type": "Feature", "properties": { "road_id": "R00279", "name": "B11718 Road", "road_class": "secondary", "lanes": 2, "speed_limit_kmh": 70.0, "surface": "gravel", "aadt": 3319, "segment_no": 3, "length_m": 1147.7, "oneway": false }, "geometry": { "type": "LineString", "coordinates": [ [ 14.306812303064714, 41.729720327828467 ], [ 14.308347607328498, 41.721536906309154 ], [ 14.308740295330072, 41.719484355669628 ] ] } },
{ "type": "Feature", "properties": { "road_id": "R00280", "name": "B11718 Road", "road_class": "secondary", "lanes": 2, "speed_limit_kmh": 70.0, "surface": "gravel", "aadt": 3319, "segment_no": 4, "length_m": 1147.7, "oneway": false }, "geometry": { "type": "LineString", "coordinates": [ [ 14.308740295330072, 41.719484355669628 ], [ 14.310697620414937, 41.709251514864221 ] ] } },
{ "type": "Feature", "properties": { "road_id": "R00281", "name": "B11718 Road", "road_class": "secondary", "lanes": 2, "speed_limit_kmh": 70.0, "surface": "gravel", "aadt": 3319, "segment_no": 5, "length_m": 1147.7, "oneway": true }, "geometry": { "type": "LineString", "coordinates": [ [ 14.310697620414937, 41.709251514864221 ], [ 14.311088805028952, 41.707206003183458 ], [ 14.313588867943448, 41.69914998460041 ] ] } },
{ "type": "Feature", "properties": { "road_id": "R00282", "name": "B11718 Road", "road_class": "secondary", "lanes": 2, "speed_limit_kmh": 70.0, "surface": "gravel", "aadt": 3319, "segment_no": 6, "length_m": 1147.7, "oneway": false }, "geometry": { "type": "LineString", "coordinates": [ [ 14.313588867943448, 41.69914998460041 ], [ 14.315461662254329, 41.693113839305795 ], [ 14.316793677479609, 41.689095776571257 ] ] } },
{ "type": "Feature", "properties": { "road_id": "R00283", "name": "B11718 Road", "road_class": "secondary", "lanes": 2, "speed_limit_kmh": 70.0, "surface": "gravel", "aadt": 3319, "segment_no": 7, "length_m": 1147.7, "oneway": false }, "geometry": { "type": "LineString", "coordinates": [ [ 14.316793677479609, 41.689095776571257 ], [ 14.320118741946981, 41.679063313701747 ] ] } },
{ "type": "Feature", "properties": { "road_id": "R00284", "name": "B11820 Road", "road_class": "secondary", "lanes": 2, "speed_limit_kmh": 70.0, "surface": "asphalt", "aadt": 2012, "segment_no": 1, "length_m": 1145.0, "oneway": false }, "geometry": { "type": "LineString", "coordinates": [ [ 14.320089028081386, 41.67908288357615 ], [ 14.320288250136914, 41.668802792068639 ], [ 14.320286291865475, 41.668771586728454 ] ] } },
{ "type": "Feature", "properties": { "road_id": "R00285", "name": "B11820 Road", "road_class": "secondary", "lanes": 2, "speed_limit_kmh": 70.0, "surface": "asphalt", "aadt": 2012, "segment_no": 2, "length_m": 1145.0, "oneway": false }, "geometry": { "type": "LineString", "coordinates": [ [ 14.320286291865475, 41.668771586728454 ], [ 14.319639949710806, 41.658470547965912 ] ] } },
{ "type": "Feature", "properties": { "road_id": "R00286", "name": "B11820 Road", "road_class": "secondary", "lanes": 2, "speed_limit_kmh": 70.0, "surface": "asphalt", "aadt": 2012, "segment_no": 3, "length_m": 1145.0, "oneway": false }, "geometry": { "type": "LineString", "coordinates": [ [ 14.319639949710806, 41.658470547965912 ], [ 14.319638936871627, 41.658454403583335 ], [ 14.320597450182724, 41.648235389810374 ], [ 14.32061530902288, 41.648185120869528 ] ] } },
{ "type": "Feature", "properties": { "road_id": "R00287", "name": "B11820 Road", "road_class": "secondary", "lanes": 2, "speed_limit_kmh": 70.0, "surface": "asphalt", "aadt": 2012, "segment_no": 4, "length_m": 1145.0, "oneway": true }, "geometry": { "type": "LineString", "coordinates": [ [ 14.32061530902288, 41.648185120869528 ], [ 14.324153087580061, 41.63822537027 ], [ 14.324154694569462, 41.63822026096846 ] ] } },
{ "type": "Feature", "properties": { "road_id": "R00288", "name": "B11820 Road", "road_class": "secondary", "lanes": 2, "speed_limit_kmh": 70.0, "surface": "asphalt", "aadt": 2012, "segment_no": 5, "length_m": 1145.0, "oneway": false }, "geometry": { "type": "LineString", "coordinates": [ [ 14.324154694569462, 41.63822026096846 ], [ 14.327311021547697, 41.628183312924371 ] ] } },
{ "type": "Feature", "properties": { "road_id": "R00289", "name": "B11922 Road", "road_class": "secondary", "lanes": 2, "speed_limit_kmh": 70.0, "surface": "asphalt", "aadt": 5469, "segment_no": 1, "length_m": 1163.9, "oneway": false }, "geometry": { "type": "LineString", "coordinates": [ [ 14.283749043085537, 41.58199092055176 ], [ 14.297567691193754, 41.580490924909704 ] ] } },
{ "type": "Feature", "properties": { "road_id": "R00290", "name": "B11922 Road", "road_class": "secondary", "lanes": 2, "speed_limit_kmh": 70.0, "surface": "asphalt", "aadt": 5469, "segment_no": 2, "length_m": 1163.9, "oneway": false }, "geometry": { "type": "LineString", "coordinates": [ [ 14.297567691193754, 41.580490924909704 ], [ 14.297578350055156, 41.58048976723564 ], [ 14.311420898036124, 41.579184587447656 ] ] } },
{ "type": "Feature", "properties": { "road_id": "R00291", "name": "B11922 Road", "road_class": "secondary", "lanes": 2, "speed_limit_kmh": 70.0, "surface": "asphalt", "aadt": 5469, "segment_no": 3, "length_m": 1163.9, "oneway": false }, "geometry": { "type": "LineString", "coordinates": [ [ 14.311420898036124, 41.579184587447656 ], [ 14.311428701161336, 41.579183851224627 ], [ 14.325335033505056, 41.578388989839816 ], [ 14.325342426474048, 41.578388801941124 ] ] } },
{ "type": "Feature", "properties": { "road_id": "R00292", "name": "B11922 Road", "road_class": "secondary", "lanes": 2, "speed_limit_kmh": 70.0, "surface": "asphalt", "aadt": 5469, "segment_no": 4, "length_m": 1163.9, "oneway": true }, "geometry": { "type": "LineString", "coordinates": [ [ 14.325342426474048, 41.578388801941124 ], [ 14.33928975588044, 41.578033469849728 ], [ 14.339296124501965, 41.578033342141005 ] ] } },
{ "type": "Feature", "properties": { "road_id": "R00293", "name": "B11922 Road", "road_class": "secondary", "lanes": 2, "speed_limit_kmh": 70.0, "surface": "asphalt", "aadt": 5469, "segment_no": 5, "length_m": 1163.9, "oneway": false }, "geometry": { "type": "LineString", "coordinates": [ [ 14.339296124501965, 41.578033342141005 ], [ 14.353252797849247, 41.577752622779926 ] ] } },
{ "type": "Feature", "properties": { "road_id": "R00294", "name": "B11920 Road", "road_class": "secondary", "lanes": 2, "speed_limit_kmh": 70.0, "surface": "asphalt", "aadt": 7091, "segment_no": 1, "length_m": 1045.1, "oneway": false }, "geometry": { "type": "LineString", "coordinates": [ [ 14.282739668523975, 41.58299660587479 ], [ 14.289406694348529, 41.590968654137704 ] ] } },
{ "type": "Feature", "properties": { "road_id": "R00295", "name": "B11920 Road", "road_class": "secondary", "lanes": 2, "speed_limit_kmh": 70.0, "surface": "asphalt", "aadt": 7091, "segment_no": 2, "length_m": 1045.1, "oneway": false }, "geometry": { "type": "LineString", "coordinates": [ [ 14.289406694348529, 41.590968654137704 ], [ 14.290749247242349, 41.59257371954434 ], [ 14.296889052638004, 41.598513087713023 ] ] } },
{ "type": "Feature", "properties": { "road_id": "R00296", "name": "B11920 Road", "road_class": "secondary", "lanes": 2, "speed_limit_kmh": 70.0, "surface": "asphalt", "aadt": 7091, "segment_no": 3, "length_m": 1045.1, "oneway": false }, "geometry": { "type": "LineString", "coordinates": [ [ 14.296889052638004, 41.598513087713023 ], [ 14.299972700496408, 41.601495535831354 ], [ 14.304653880356677, 41.605904698884473 ] ] } },
{ "type": "Feature", "properties": { "road_id": "R00297", "name": "B11920 Road", "road_class": "secondary", "lanes": 2, "speed_limit_kmh": 70.0, "surface": "asphalt", "aadt": 7091, "segment_no": 4, "length_m": 1045.1, "oneway": false }, "geometry": { "type": "LineString", "coordinates": [ [ 14.304653880356677, 41.605904698884473 ], [ 14.309355191065691, 41.61033202994463 ], [ 14.31237162406644, 41.613323884635349 ] ] } },
{ "type": "Feature", "properties": { "road_id": "R00298", "name": "B11920 Road", "road_class": "secondary", "lanes": 2, "speed_limit_kmh": 70.0, "surface": "asphalt", "aadt": 7091, "segment_no": 5, "length_m": 1045.1, "oneway": false }, "geometry": { "type": "LineString", "coordinates": [ [ 14.31237162406644, 41.613323884635349 ], [ 14.318432370673982, 41.619334176431231 ], [ 14.319942074636534, 41.620829456808167 ] ] } },
{ "type": "Feature", "properties": { "road_id": "R00299", "name": "B11920 Road", "road_class": "secondary", "lanes": 2, "speed_limit_kmh": 70.0, "surface": "asphalt", "aadt": 7091, "segment_no": 6, "length_m": 1045.1, "oneway": false }, "geometry": { "type": "LineString", "coordinates": [ [ 14.319942074636534, 41.620829456808167 ], [ 14.327518483091179, 41.628332143221549 ] ] } },
{ "type": "Feature", "properties": { "road_id": "R00300", "name": "B12123 Road", "road_class": "secondary", "lanes": 2, "speed_limit_kmh": 70.0, "surface": "asphalt", "aadt": 1849, "segment_no": 1, "length_m": 1014.6, "oneway": false }, "geometry": { "type": "LineString", "coordinates": [ [ 14.336558024580034, 41.812353199216034 ], [ 14.331327816932371, 41.8206116413511 ] ] } },
{ "type": "Feature", "properties": { "road_id": "R00301", "name": "B12123 Road", "road_class": "secondary", "lanes": 2, "speed_limit_kmh": 70.0, "surface": "asphalt", "aadt": 1849, "segment_no": 2, "length_m": 1014.6, "oneway": false }, "geometry": { "type": "LineString", "coordinates": [ [ 14.331327816932371, 41.8206116413511 ], [ 14.331324011763353, 41.820617648799235 ], [ 14.326775366934953, 41.829087330583469 ], [ 14.326773148862923, 41.829091231221128 ] ] } },
{ "type": "Feature", "properties": { "road_id": "R00302", "name": "B12123 Road", "road_class": "secondary", "lanes": 2, "speed_limit_kmh": 70.0, "surface": "asphalt", "aadt": 1849, "segment_no": 3, "length_m": 1014.6, "oneway": false }, "geometry": { "type": "LineString", "coordinates": [ [ 14.326773148862923, 41.829091231221128 ], [ 14.32199737858584, 41.837488544753562 ], [ 14.321991342735613, 41.837500751380119 ] ] } },
{ "type": "Feature", "properties": { "road_id": "R00303", "name": "B12123 Road", "road_class": "secondary", "lanes": 2, "speed_limit_kmh": 70.0, "surface": "asphalt", "aadt": 1849, "segment_no": 4, "length_m": 1014.6, "oneway": false }, "geometry": { "type": "LineString", "coordinates": [ [ 14.321991342735613, 41.837500751380119 ], [ 14.317762192490644, 41.846052348736926 ], [ 14.317754068798873, 41.846072155205448 ] ] } },
{ "type": "Feature", "properties": { "road_id": "R00304", "name": "B12123 Road", "road_class": "secondary", "lanes": 2, "speed_limit_kmh": 70.0, "surface": "asphalt", "aadt": 1849, "segment_no": 5, "length_m": 1014.6, "oneway": false }, "geometry": { "type": "LineString", "coordinates": [ [ 14.317754068798873, 41.846072155205448 ], [ 14.314170186379648, 41.854808785641978 ] ] } },
{ "type": "Feature", "properties": { "road_id": "R00305", "name": "Street 645", "road_class": "residential", "lanes": 1, "speed_limit_kmh": null, "surface": "asphalt", "aadt": 624, "segment_no": 1, "length_m": 1200.0, "oneway": false }, "geometry": { "type": "LineString", "coordinates": [ [ 13.971598095995216, 41.676768020546589 ], [ 13.971425995085303, 41.687574877027664 ] ] } },
{ "type": "Feature", "properties": { "road_id": "R00306", "name": "Street 645", "road_class": "residential", "lanes": 1, "speed_limit_kmh": null, "surface": "asphalt", "aadt": 624, "segment_no": 2, "length_m": 1200.0, "oneway": false }, "geometry": { "type": "LineString", "coordinates": [ [ 13.971425995085303, 41.687574877027664 ], [ 13.97125380009922, 41.698381712535252 ] ] } },
{ "type": "Feature", "properties": { "road_id": "R00307", "name": "Street 645", "road_class": "residential", "lanes": 1, "speed_limit_kmh": null, "surface": "asphalt", "aadt": 624, "segment_no": 3, "length_m": 1200.0, "oneway": false }, "geometry": { "type": "LineString", "coordinates": [ [ 13.97125380009922, 41.698381712535252 ], [ 13.971081510977605, 41.709188527068051 ] ] } },
{ "type": "Feature", "properties": { "road_id": "R00308", "name": "Street 645", "road_class": "residential", "lanes": 1, "speed_limit_kmh": null, "surface": "asphalt", "aadt": 624, "segment_no": 4, "length_m": 1200.0, "oneway": false }, "geometry": { "type": "LineString", "coordinates": [ [ 13.971081510977605, 41.709188527068051 ], [ 13.97090912766104, 41.719995320624847 ] ] } },
{ "type": "Feature", "properties": { "road_id": "R00309", "name": "Street 645", "road_class": "residential", "lanes": 1, "speed_limit_kmh": null, "surface": "asphalt", "aadt": 624, "segment_no": 5, "length_m": 1200.0, "oneway": false }, "geometry": { "type": "LineString", "coordinates": [ [ 13.97090912766104, 41.719995320624847 ], [ 13.97073665009005, 41.730802093204375 ] ] } },
{ "type": "Feature", "properties": { "road_id": "R00310", "name": "Street 645", "road_class": "residential", "lanes": 1, "speed_limit_kmh": null, "surface": "asphalt", "aadt": 624, "segment_no": 6, "length_m": 1200.0, "oneway": false }, "geometry": { "type": "LineString", "coordinates": [ [ 13.97073665009005, 41.730802093204375 ], [ 13.970564078205115, 41.741608844805398 ] ] } },
{ "type": "Feature", "properties": { "road_id": "R00311", "name": "Street 248", "road_class": "residential", "lanes": 1, "speed_limit_kmh": null, "surface": "asphalt", "aadt": 1347, "segment_no": 1, "length_m": 1200.0, "oneway": false }, "geometry": { "type": "LineString", "coordinates": [ [ 13.978805414305791, 41.676832290391559 ], [ 13.978634519012704, 41.687639171123593 ] ] } },
{ "type": "Feature", "properties": { "road_id": "R00312", "name": "Street 248", "road_class": "residential", "lanes": 1, "speed_limit_kmh": null, "surface": "asphalt", "aadt": 1347, "segment_no": 2, "length_m": 1200.0, "oneway": false }, "geometry": { "type": "LineString", "coordinates": [ [ 13.978634519012704, 41.687639171123593 ], [ 13.97846353030222, 41.698446030890153 ] ] } },
{ "type": "Feature", "properties": { "road_id": "R00313", "name": "Street 248", "road_class": "residential", "lanes": 1, "speed_limit_kmh": null, "surface": "asphalt", "aadt": 1347, "segment_no": 3, "length_m": 1200.0, "oneway": false }, "geometry": { "type": "LineString", "coordinates": [ [ 13.97846353030222, 41.698446030890153 ], [ 13.978292448115392, 41.709252869689976 ] ] } },
{ "type": "Feature", "properties": { "road_id": "R00314", "name": "Street 248", "road_class": "residential", "lanes": 1, "speed_limit_kmh": null, "surface": "asphalt", "aadt": 1347, "segment_no": 4, "length_m": 1200.0, "oneway": false }, "geometry": { "type": "LineString", "coordinates": [ [ 13.978292448115392, 41.709252869689976 ], [ 13.978121272393219, 41.720059687521818 ] ] } },
{ "type": "Feature", "properties": { "road_id": "R00315", "name": "Street 248", "road_class": "residential", "lanes": 1, "speed_limit_kmh": null, "surface": "asphalt", "aadt": 1347, "segment_no": 5, "length_m": 1200.0, "oneway": false }, "geometry": { "type": "LineString", "coordinates": [ [ 13.978121272393219, 41.720059687521818 ], [ 13.977950003076643, 41.73086648438445 ] ] } },
{ "type": "Feature", "properties": { "road_id": "R00316", "name": "Street 248", "road_class": "residential", "lanes": 1, "speed_limit_kmh": null, "surface": "asphalt", "aadt": 1347, "segment_no": 6, "length_m": 1200.0, "oneway": false }, "geometry": { "type": "LineString", "coordinates": [ [ 13.977950003076643, 41.73086648438445 ], [ 13.977778640106555, 41.74167326027662 ] ] } },
{ "type": "Feature", "properties": { "road_id": "R00317", "name": "Street 848", "road_class": "residential", "lanes": 1, "speed_limit_kmh": null, "surface": "asphalt", "aadt": 468, "segment_no": 1, "length_m": 1200.0, "oneway": false }, "geometry": { "type": "LineString", "coordinates": [ [ 13.986012755955992, 41.676896108358292 ], [ 13.985843066294454, 41.687703013170825 ] ] } },
{ "type": "Feature", "properties": { "road_id": "R00318", "name": "Street 848", "road_class": "residential", "lanes": 1, "speed_limit_kmh": null, "surface": "asphalt", "aadt": 468, "segment_no": 2, "length_m": 1200.0, "oneway": false }, "geometry": { "type": "LineString", "coordinates": [ [ 13.985843066294454, 41.687703013170825 ], [ 13.985673283874306, 41.698509897025843 ] ] } },
{ "type": "Feature", "properties": { "road_id": "R00319", "name": "Street 848", "road_class": "residential", "lanes": 1, "speed_limit_kmh": null, "surface": "asphalt", "aadt": 468, "segment_no": 3, "length_m": 1200.0, "oneway": false }, "geometry": { "type": "LineString", "coordinates": [ [ 13.985673283874306, 41.698509897025843 ], [ 13.985503408637015, 41.70931675992211 ] ] } },
{ "type": "Feature", "properties": { "road_id": "R00320", "name": "Street 848", "road_class": "residential", "lanes": 1, "speed_limit_kmh": null, "surface": "asphalt", "aadt": 468, "segment_no": 4, "length_m": 1200.0, "oneway": false }, "geometry": { "type": "LineString", "coordinates": [ [ 13.985503408637015, 41.70931675992211 ], [ 13.985333440523997, 41.720123601858376 ] ] } },
{ "type": "Feature", "properties": { "road_id": "R00321", "name": "Street 848", "road_class": "residential", "lanes": 1, "speed_limit_kmh": null, "surface": "asphalt", "aadt": 468, "segment_no": 5, "length_m": 1200.0, "oneway": false }, "geometry": { "type": "LineString", "coordinates": [ [ 13.985333440523997, 41.720123601858376 ], [ 13.98516337947661, 41.730930422833431 ] ] } },
{ "type": "Feature", "properties": { "road_id": "R00322", "name": "Street 848", "road_class": "residential", "lanes": 1, "speed_limit_kmh": null, "surface": "asphalt", "aadt": 468, "segment_no": 6, "length_m": 1200.0, "oneway": false }, "geometry": { "type": "LineString", "coordinates": [ [ 13.98516337947661, 41.730930422833431 ], [ 13.984993225436163, 41.741737222845984 ] ] } },
{ "type": "Feature", "properties": { "road_id": "R00323", "name": "Street 451", "road_class": "residential", "lanes": 1, "speed_limit_kmh": null, "surface": "asphalt", "aadt": 2139, "segment_no": 1, "length_m": 1200.0, "oneway": false }, "geometry": { "type": "LineString", "coordinates": [ [ 13.993220120781222, 41.67695947444264 ], [ 13.993051636765852, 41.687766403165206 ] ] } },
{ "type": "Feature", "properties": { "road_id": "R00324", "name": "Street 451", "road_class": "residential", "lanes": 1, "speed_limit_kmh": null, "surface": "asphalt", "aadt": 2139, "segment_no": 2, "length_m": 1200.0, "oneway": false }, "geometry": { "type": "LineString", "coordinates": [ [ 13.993051636765852, 41.687766403165206 ], [ 13.992883060650673, 41.698573310938187 ] ] } },
{ "type": "Feature", "properties": { "road_id": "R00325", "name": "Street 451", "road_class": "residential", "lanes": 1, "speed_limit_kmh": null, "surface": "asphalt", "aadt": 2139, "segment_no": 3, "length_m": 1200.0, "oneway": false }, "geometry": { "type": "LineString", "coordinates": [ [ 13.992883060650673, 41.698573310938187 ], [ 13.992714392377568, 41.709380197760296 ] ] } },
{ "type": "Feature", "properties": { "road_id": "R00326", "name": "Street 451", "road_class": "residential", "lanes": 1, "speed_limit_kmh": null, "surface": "asphalt", "aadt": 2139, "segment_no": 4, "length_m": 1200.0, "oneway": false }, "geometry": { "type": "LineString", "coordinates": [ [ 13.992714392377568, 41.709380197760296 ], [ 13.992545631888365, 41.720187063630362 ] ] } },
{ "type": "Feature", "properties": { "road_id": "R00327", "name": "Street 451", "road_class": "residential", "lanes": 1, "speed_limit_kmh": null, "surface": "asphalt", "aadt": 2139, "segment_no": 5, "length_m": 1200.0, "oneway": false }, "geometry": { "type": "LineString", "coordinates": [ [ 13.992545631888365, 41.720187063630362 ], [ 13.992376779124843, 41.730993908547134 ] ] } },
{ "type": "Feature", "properties": { "road_id": "R00328", "name": "Street 451", "road_class": "residential", "lanes": 1, "speed_limit_kmh": null, "surface": "asphalt", "aadt": 2139, "segment_no": 6, "length_m": 1200.0, "oneway": false }, "geometry": { "type": "LineString", "coordinates": [ [ 13.992376779124843, 41.730993908547134 ], [ 13.992207834028724, 41.741800732509347 ] ] } },
{ "type": "Feature", "properties": { "road_id": "R00329", "name": "Street 54", "road_class": "residential", "lanes": 1, "speed_limit_kmh": null, "surface": "asphalt", "aadt": 1664, "segment_no": 1, "length_m": 1200.0, "oneway": false }, "geometry": { "type": "LineString", "coordinates": [ [ 14.000427508616887, 41.677022388640481 ], [ 14.000260230262203, 41.687829341102628 ] ] } },
{ "type": "Feature", "properties": { "road_id": "R00330", "name": "Street 54", "road_class": "residential", "lanes": 1, "speed_limit_kmh": null, "surface": "asphalt", "aadt": 1664, "segment_no": 2, "length_m": 1200.0, "oneway": false }, "geometry": { "type": "LineString", "coordinates": [ [ 14.000260230262203, 41.687829341102628 ], [ 14.000092860466523, 41.69863627262302 ] ] } },
{ "type": "Feature", "properties": { "road_id": "R00331", "name": "Street 54", "road_class": "residential", "lanes": 1, "speed_limit_kmh": null, "surface": "asphalt", "aadt": 1664, "segment_no": 3, "length_m": 1200.0, "oneway": false }, "geometry": { "type": "LineString", "coordinates": [ [ 14.000092860466523, 41.69863627262302 ], [ 13.999925399172144, 41.709443183200435 ] ] } },
{ "type": "Feature", "properties": { "road_id": "R00332", "name": "Street 54", "road_class": "residential", "lanes": 1, "speed_limit_kmh": null, "surface": "asphalt", "aadt": 1664, "segment_no": 4, "length_m": 1200.0, "oneway": false }, "geometry": { "type": "LineString", "coordinates": [ [ 13.999925399172144, 41.709443183200435 ], [ 13.999757846321312, 41.720250072833657 ] ] } },
{ "type": "Feature", "properties": { "road_id": "R00333", "name": "Street 54", "road_class": "residential", "lanes": 1, "speed_limit_kmh": null, "surface": "asphalt", "aadt": 1664, "segment_no": 5, "length_m": 1200.0, "oneway": false }, "geometry": { "type": "LineString", "coordinates": [ [ 13.999757846321312, 41.720250072833657 ], [ 13.999590201856224, 41.731056941521452 ] ] } },
{ "type": "Feature", "properties": { "road_id": "R00334", "name": "Street 54", "road_class": "residential", "lanes": 1, "speed_limit_kmh": null, "surface": "asphalt", "aadt": 1664, "segment_no": 6, "length_m": 1200.0, "oneway": false }, "geometry": { "type": "LineString", "coordinates": [ [ 13.999590201856224, 41.731056941521452 ], [ 13.999422465719013, 41.741863789262588 ] ] } },
{ "type": "Feature", "properties": { "road_id": "R00335", "name": "Street 654", "road_class": "residential", "lanes": 1, "speed_limit_kmh": null, "surface": "asphalt", "aadt": 710, "segment_no": 1, "length_m": 1200.0, "oneway": false }, "geometry": { "type": "LineString", "coordinates": [ [ 14.00763491929839, 41.677084850947757 ], [ 14.007468846618801, 41.687891826978998 ] ] } },
{ "type": "Feature", "properties": { "road_id": "R00336", "name": "Street 654", "road_class": "residential", "lanes": 1, "speed_limit_kmh": null, "surface": "asphalt", "aadt": 710, "segment_no": 2, "length_m": 1200.0, "oneway": false }, "geometry": { "type": "LineString", "coordinates": [ [ 14.007468846618801, 41.687891826978998 ], [ 14.007302683157045, 41.698698782076299 ] ] } },
{ "type": "Feature", "properties": { "road_id": "R00337", "name": "Street 654", "road_class": "residential", "lanes": 1, "speed_limit_kmh": null, "surface": "asphalt", "aadt": 710, "segment_no": 3, "length_m": 1200.0, "oneway": false }, "geometry": { "type": "LineString", "coordinates": [ [ 14.007302683157045, 41.698698782076299 ], [ 14.007136428855832, 41.709505716238418 ] ] } },
{ "type": "Feature", "properties": { "road_id": "R00338", "name": "Street 654", "road_class": "residential", "lanes": 1, "speed_limit_kmh": null, "surface": "asphalt", "aadt": 710, "segment_no": 4, "length_m": 1200.0, "oneway": false }, "geometry": { "type": "LineString", "coordinates": [ [ 14.007136428855832, 41.709505716238418 ], [ 14.006970083657823, 41.720312629464146 ] ] } },
{ "type": "Feature", "properties": { "road_id": "R00339", "name": "Street 654", "road_class": "residential", "lanes": 1, "speed_limit_kmh": null, "surface": "asphalt", "aadt": 710, "segment_no": 5, "length_m": 1200.0, "oneway": false }, "geometry": { "type": "LineString", "coordinates": [ [ 14.006970083657823, 41.720312629464146 ], [ 14.006803647505631, 41.731119521752291 ] ] } },
{ "type": "Feature", "properties": { "road_id": "R00340", "name": "Street 654", "road_class": "residential", "lanes": 1, "speed_limit_kmh": null, "surface": "asphalt", "aadt": 710, "segment_no": 6, "length_m": 1200.0, "oneway": false }, "geometry": { "type": "LineString", "coordinates": [ [ 14.006803647505631, 41.731119521752291 ], [ 14.006637120341811, 41.741926393101579 ] ] } },
{ "type": "Feature", "properties": { "road_id": "R00341", "name": "Street 257", "road_class": "residential", "lanes": 1, "speed_limit_kmh": null, "surface": "asphalt", "aadt": 519, "segment_no": 1, "length_m": 1200.0, "oneway": false }, "geometry": { "type": "LineString", "coordinates": [ [ 14.014842352661125, 41.677146861360384 ], [ 14.014677485670941, 41.687953860790252 ] ] } },
{ "type": "Feature", "properties": { "road_id": "R00342", "name": "Street 257", "road_class": "residential", "lanes": 1, "speed_limit_kmh": null, "surface": "asphalt", "aadt": 519, "segment_no": 2, "length_m": 1200.0, "oneway": false }, "geometry": { "type": "LineString", "coordinates": [ [ 14.014677485670941, 41.687953860790252 ], [ 14.014512528557429, 41.698760839293939 ] ] } },
{ "type": "Feature", "properties": { "road_id": "R00343", "name": "Street 257", "road_class": "residential", "lanes": 1, "speed_limit_kmh": null, "surface": "asphalt", "aadt": 519, "segment_no": 3, "length_m": 1200.0, "oneway": false }, "geometry": { "type": "LineString", "coordinates": [ [ 14.014512528557429, 41.698760839293939 ], [ 14.014347481263716, 41.709567796870182 ] ] } },
{ "type": "Feature", "properties": { "road_id": "R00344", "name": "Street 257", "road_class": "residential", "lanes": 1, "speed_limit_kmh": null, "surface": "asphalt", "aadt": 519, "segment_no": 4, "length_m": 1200.0, "oneway": false }, "geometry": { "type": "LineString", "coordinates": [ [ 14.014347481263716, 41.709567796870182 ], [ 14.01418234373288, 41.720374733517801 ] ] } },
{ "type": "Feature", "properties": { "road_id": "R00345", "name": "Street 257", "road_class": "residential", "lanes": 1, "speed_limit_kmh": null, "surface": "asphalt", "aadt": 519, "segment_no": 5, "length_m": 1200.0, "oneway": false }, "geometry": { "type": "LineString", "coordinates": [ [ 14.01418234373288, 41.720374733517801 ], [ 14.014017115907945, 41.731181649235566 ] ] } },
{ "type": "Feature", "properties": { "road_id": "R00346", "name": "Street 257", "road_class": "residential", "lanes": 1, "speed_limit_kmh": null, "surface": "asphalt", "aadt": 519, "segment_no": 6, "length_m": 1200.0, "oneway": false }, "geometry": { "type": "LineString", "coordinates": [ [ 14.014017115907945, 41.731181649235566 ], [ 14.013851797731887, 41.741988544022277 ] ] } },
{ "type": "Feature", "properties": { "road_id": "R00347", "name": "Street 857", "road_class": "residential", "lanes": 1, "speed_limit_kmh": null, "surface": "asphalt", "aadt": 952, "segment_no": 1, "length_m": 1200.0, "oneway": false }, "geometry": { "type": "LineString", "coordinates": [ [ 14.022049808540485, 41.677208419874347 ], [ 14.021886147253912, 41.688015442532375 ] ] } },
{ "type": "Feature", "properties": { "road_id": "R00348", "name": "Street 857", "road_class": "residential", "lanes": 1, "speed_limit_kmh": null, "surface": "asphalt", "aadt": 952, "segment_no": 2, "length_m": 1200.0, "oneway": false }, "geometry": { "type": "LineString", "coordinates": [ [ 14.021886147253912, 41.688015442532375 ], [ 14.021722396502861, 41.698822444271904 ] ] } },
{ "type": "Feature", "properties": { "road_id": "R00349", "name": "Street 857", "road_class": "residential", "lanes": 1, "speed_limit_kmh": null, "surface": "asphalt", "aadt": 952, "segment_no": 3, "length_m": 1200.0, "oneway": false }, "geometry": { "type": "LineString", "coordinates": [ [ 14.021722396502861, 41.698822444271904 ], [ 14.021558556230881, 41.709629425091698 ] ] } },
{ "type": "Feature", "properties": { "road_id": "R00350", "name": "Street 857", "road_class": "residential", "lanes": 1, "speed_limit_kmh": null, "surface": "asphalt", "aadt": 952, "segment_no": 4, "length_m": 1200.0, "oneway": false }, "geometry": { "type": "LineString", "coordinates": [ [ 14.021558556230881, 41.709629425091698 ], [ 14.02139462638146, 41.720436384990556 ] ] } },
{ "type": "Feature", "properties": { "road_id": "R00351", "name": "Street 857", "road_class": "residential", "lanes": 1, "speed_limit_kmh": null, "surface": "asphalt", "aadt": 952, "segment_no": 5, "length_m": 1200.0, "oneway": false }, "geometry": { "type": "LineString", "coordinates": [ [ 14.02139462638146, 41.720436384990556 ], [ 14.02123060689804, 41.731243323967263 ] ] } },
{ "type": "Feature", "properties": { "road_id": "R00352", "name": "Street 857", "road_class": "residential", "lanes": 1, "speed_limit_kmh": null, "surface": "asphalt", "aadt": 952, "segment_no": 6, "length_m": 1200.0, "oneway": false }, "geometry": { "type": "LineString", "coordinates": [ [ 14.02123060689804, 41.731243323967263 ], [ 14.021066497724012, 41.742050242020618 ] ] } },
{ "type": "Feature", "properties": { "road_id": "R00353", "name": "Street 460", "road_class": "residential", "lanes": 1, "speed_limit_kmh": null, "surface": "asphalt", "aadt": 2264, "segment_no": 1, "length_m": 1200.0, "oneway": false }, "geometry": { "type": "LineString", "coordinates": [ [ 14.029257286771863, 41.677269526485667 ], [ 14.029094831203, 41.688076572201375 ] ] } },
{ "type": "Feature", "properties": { "road_id": "R00354", "name": "Street 460", "road_class": "residential", "lanes": 1, "speed_limit_kmh": null, "surface": "asphalt", "aadt": 2264, "segment_no": 2, "length_m": 1200.0, "oneway": false }, "geometry": { "type": "LineString", "coordinates": [ [ 14.029094831203, 41.688076572201375 ], [ 14.028932286828528, 41.698883597006215 ] ] } },
{ "type": "Feature", "properties": { "road_id": "R00355", "name": "Street 460", "road_class": "residential", "lanes": 1, "speed_limit_kmh": null, "surface": "asphalt", "aadt": 2264, "segment_no": 3, "length_m": 1200.0, "oneway": false }, "geometry": { "type": "LineString", "coordinates": [ [ 14.028932286828528, 41.698883597006215 ], [ 14.028769653592402, 41.709690600898952 ] ] } },
{ "type": "Feature", "properties": { "road_id": "R00356", "name": "Street 460", "road_class": "residential", "lanes": 1, "speed_limit_kmh": null, "surface": "asphalt", "aadt": 2264, "segment_no": 4, "length_m": 1200.0, "oneway": false }, "geometry": { "type": "LineString", "coordinates": [ [ 14.028769653592402, 41.709690600898952 ], [ 14.028606931438537, 41.720497583878412 ] ] } },
{ "type": "Feature", "properties": { "road_id": "R00357", "name": "Street 460", "road_class": "residential", "lanes": 1, "speed_limit_kmh": null, "surface": "asphalt", "aadt": 2264, "segment_no": 5, "length_m": 1200.0, "oneway": false }, "geometry": { "type": "LineString", "coordinates": [ [ 14.028606931438537, 41.720497583878412 ], [ 14.028444120310786, 41.731304545943367 ] ] } },
{ "type": "Feature", "properties": { "road_id": "R00358", "name": "Street 460", "road_class": "residential", "lanes": 1, "speed_limit_kmh": null, "surface": "asphalt", "aadt": 2264, "segment_no": 6, "length_m": 1200.0, "oneway": false }, "geometry": { "type": "LineString", "coordinates": [ [ 14.028444120310786, 41.731304545943367 ], [ 14.028281220152955, 41.742111487092615 ] ] } },
{ "type": "Feature", "properties": { "road_id": "R00359", "name": "Street 63", "road_class": "residential", "lanes": 1, "speed_limit_kmh": null, "surface": "asphalt", "aadt": 1681, "segment_no": 1, "length_m": 1200.0, "oneway": false }, "geometry": { "type": "LineString", "coordinates": [ [ 14.036464787190644, 41.677330181190356 ], [ 14.03630353735349, 41.688137249793257 ] ] } },
{ "type": "Feature", "properties": { "road_id": "R00360", "name": "Street 63", "road_class": "residential", "lanes": 1, "speed_limit_kmh": null, "surface": "asphalt", "aadt": 1681, "segment_no": 2, "length_m": 1200.0, "oneway": false }, "geometry": { "type": "LineString", "coordinates": [ [ 14.03630353735349, 41.688137249793257 ], [ 14.036142199369603, 41.698944297492872 ] ] } },
{ "type": "Feature", "properties": { "road_id": "R00361", "name": "Street 63", "road_class": "residential", "lanes": 1, "speed_limit_kmh": null, "surface": "asphalt", "aadt": 1681, "segment_no": 3, "length_m": 1200.0, "oneway": false }, "geometry": { "type": "LineString", "coordinates": [ [ 14.036142199369603, 41.698944297492872 ], [ 14.035980773183359, 41.709751324287986 ] ] } },
{ "type": "Feature", "properties": { "road_id": "R00362", "name": "Street 63", "road_class": "residential", "lanes": 1, "speed_limit_kmh": null, "surface": "asphalt", "aadt": 1681, "segment_no": 4, "length_m": 1200.0, "oneway": false }, "geometry": { "type": "LineString", "coordinates": [ [ 14.035980773183359, 41.709751324287986 ], [ 14.035819258739084, 41.72055833017739 ] ] } },
{ "type": "Feature", "properties": { "road_id": "R00363", "name": "Street 63", "road_class": "residential", "lanes": 1, "speed_limit_kmh": null, "surface": "asphalt", "aadt": 1681, "segment_no": 5, "length_m": 1200.0, "oneway": false }, "geometry": { "type": "LineString", "coordinates": [ [ 14.035819258739084, 41.72055833017739 ], [ 14.03565765598105, 41.731365315159884 ] ] } },
{ "type": "Feature", "properties": { "road_id": "R00364", "name": "Street 63", "road_class": "residential", "lanes": 1, "speed_limit_kmh": null, "surface": "asphalt", "aadt": 1681, "segment_no": 6, "length_m": 1200.0, "oneway": false }, "geometry": { "type": "LineString", "coordinates": [ [ 14.03565765598105, 41.731365315159884 ], [ 14.035495964853478, 41.742172279234275 ] ] } },
{ "type": "Feature", "properties": { "road_id": "R00365", "name": "Street 663", "road_class": "residential", "lanes": 1, "speed_limit_kmh": null, "surface": "asphalt", "aadt": 1312, "segment_no": 1, "length_m": 1200.0, "oneway": false }, "geometry": { "type": "LineString", "coordinates": [ [ 14.043672309632216, 41.677390383984466 ], [ 14.043512265540663, 41.688197475304101 ] ] } },
{ "type": "Feature", "properties": { "road_id": "R00366", "name": "Street 663", "road_class": "residential", "lanes": 1, "speed_limit_kmh": null, "surface": "asphalt", "aadt": 1312, "segment_no": 2, "length_m": 1200.0, "oneway": false }, "geometry": { "type": "LineString", "coordinates": [ [ 14.043512265540663, 41.688197475304101 ], [ 14.043352133961269, 41.699004545727966 ] ] } },
{ "type": "Feature", "properties": { "road_id": "R00367", "name": "Street 663", "road_class": "residential", "lanes": 1, "speed_limit_kmh": null, "surface": "asphalt", "aadt": 1312, "segment_no": 3, "length_m": 1200.0, "oneway": false }, "geometry": { "type": "LineString", "coordinates": [ [ 14.043352133961269, 41.699004545727966 ], [ 14.043191914838824, 41.709811595254841 ] ] } },
{ "type": "Feature", "properties": { "road_id": "R00368", "name": "Street 663", "road_class": "residential", "lanes": 1, "speed_limit_kmh": null, "surface": "asphalt", "aadt": 1312, "segment_no": 4, "length_m": 1200.0, "oneway": false }, "geometry": { "type": "LineString", "coordinates": [ [ 14.043191914838824, 41.709811595254841 ], [ 14.043031608118069, 41.720618623883546 ] ] } },
{ "type": "Feature", "properties": { "road_id": "R00369", "name": "Street 663", "road_class": "residential", "lanes": 1, "speed_limit_kmh": null, "surface": "asphalt", "aadt": 1312, "segment_no": 5, "length_m": 1200.0, "oneway": false }, "geometry": { "type": "LineString", "coordinates": [ [ 14.043031608118069, 41.720618623883546 ], [ 14.042871213743695, 41.731425631612865 ] ] } },
{ "type": "Feature", "properties": { "road_id": "R00370", "name": "Street 663", "road_class": "residential", "lanes": 1, "speed_limit_kmh": null, "surface": "asphalt", "aadt": 1312, "segment_no": 6, "length_m": 1200.0, "oneway": false }, "geometry": { "type": "LineString", "coordinates": [ [ 14.042871213743695, 41.731425631612865 ], [ 14.042710731660341, 41.742232618441641 ] ] } },
{ "type": "Feature", "properties": { "road_id": "R00371", "name": "Street 266", "road_class": "residential", "lanes": 1, "speed_limit_kmh": null, "surface": "asphalt", "aadt": 1762, "segment_no": 1, "length_m": 1200.0, "oneway": false }, "geometry": { "type": "LineString", "coordinates": [ [ 14.050879853931955, 41.677450134864102 ], [ 14.050721015599795, 41.688257248729997 ] ] } },
{ "type": "Feature", "properties": { "road_id": "R00372", "name": "Street 266", "road_class": "residential", "lanes": 1, "speed_limit_kmh": null, "surface": "asphalt", "aadt": 1762, "segment_no": 2, "length_m": 1200.0, "oneway": false }, "geometry": { "type": "LineString", "coordinates": [ [ 14.050721015599795, 41.688257248729997 ], [ 14.050562090438694, 41.699064341707562 ] ] } },
{ "type": "Feature", "properties": { "road_id": "R00373", "name": "Street 266", "road_class": "residential", "lanes": 1, "speed_limit_kmh": null, "surface": "asphalt", "aadt": 1762, "segment_no": 3, "length_m": 1200.0, "oneway": false }, "geometry": { "type": "LineString", "coordinates": [ [ 14.050562090438694, 41.699064341707562 ], [ 14.050403078393865, 41.709871413795611 ] ] } },
{ "type": "Feature", "properties": { "road_id": "R00374", "name": "Street 266", "road_class": "residential", "lanes": 1, "speed_limit_kmh": null, "surface": "asphalt", "aadt": 1762, "segment_no": 4, "length_m": 1200.0, "oneway": false }, "geometry": { "type": "LineString", "coordinates": [ [ 14.050403078393865, 41.709871413795611 ], [ 14.050243979410459, 41.720678464992965 ] ] } },
{ "type": "Feature", "properties": { "road_id": "R00375", "name": "Street 266", "road_class": "residential", "lanes": 1, "speed_limit_kmh": null, "surface": "asphalt", "aadt": 1762, "segment_no": 5, "length_m": 1200.0, "oneway": false }, "geometry": { "type": "LineString", "coordinates": [ [ 14.050243979410459, 41.720678464992965 ], [ 14.050084793433586, 41.731485495298415 ] ] } },
{ "type": "Feature", "properties": { "road_id": "R00376", "name": "Street 266", "road_class": "residential", "lanes": 1, "speed_limit_kmh": null, "surface": "asphalt", "aadt": 1762, "segment_no": 6, "length_m": 1200.0, "oneway": false }, "geometry": { "type": "LineString", "coordinates": [ [ 14.050084793433586, 41.731485495298415 ], [ 14.049925520408298, 41.74229250471079 ] ] } },
{ "type": "Feature", "properties": { "road_id": "R00377", "name": "Street 866", "road_class": "residential", "lanes": 1, "speed_limit_kmh": null, "surface": "asphalt", "aadt": 279, "segment_no": 1, "length_m": 1200.0, "oneway": false }, "geometry": { "type": "LineString", "coordinates": [ [ 14.058087419925242, 41.677509433825385 ], [ 14.057929787366158, 41.688316570067038 ] ] } },
{ "type": "Feature", "properties": { "road_id": "R00378", "name": "Street 866", "road_class": "residential", "lanes": 1, "speed_limit_kmh": null, "surface": "asphalt", "aadt": 279, "segment_no": 2, "length_m": 1200.0, "oneway": false }, "geometry": { "type": "LineString", "coordinates": [ [ 14.057929787366158, 41.688316570067038 ], [ 14.057772068637052, 41.699123685427779 ] ] } },
{ "type": "Feature", "properties": { "road_id": "R00379", "name": "Street 866", "road_class": "residential", "lanes": 1, "speed_limit_kmh": null, "surface": "asphalt", "aadt": 279, "segment_no": 3, "length_m": 1200.0, "oneway": false }, "geometry": { "type": "LineString", "coordinates": [ [ 14.057772068637052, 41.699123685427779 ], [ 14.057614263683545, 41.709930779906401 ] ] } },
{ "type": "Feature", "properties": { "road_id": "R00380", "name": "Street 866", "road_class": "residential", "lanes": 1, "speed_limit_kmh": null, "surface": "asphalt", "aadt": 279, "segment_no": 4, "length_m": 1200.0, "oneway": false }, "geometry": { "type": "LineString", "coordinates": [ [ 14.057614263683545, 41.709930779906401 ], [ 14.057456372451213, 41.720737853501745 ] ] } },
{ "type": "Feature", "properties": { "road_id": "R00381", "name": "Street 866", "road_class": "residential", "lanes": 1, "speed_limit_kmh": null, "surface": "asphalt", "aadt": 279, "segment_no": 5, "length_m": 1200.0, "oneway": false }, "geometry": { "type": "LineString", "coordinates": [ [ 14.057456372451213, 41.720737853501745 ], [ 14.057298394885576, 41.731544906212612 ] ] } },
{ "type": "Feature", "properties": { "road_id": "R00382", "name": "Street 866", "road_class": "residential", "lanes": 1, "speed_limit_kmh": null, "surface": "asphalt", "aadt": 279, "segment_no": 6, "length_m": 1200.0, "oneway": false }, "geometry": { "type": "LineString", "coordinates": [ [ 14.057298394885576, 41.731544906212612 ], [ 14.057140330932107, 41.742351938037835 ] ] } },
{ "type": "Feature", "properties": { "road_id": "R00383", "name": "Avenue 284", "road_class": "residential", "lanes": 1, "speed_limit_kmh": null, "surface": "asphalt", "aadt": 499, "segment_no": 1, "length_m": 1200.0, "oneway": false }, "geometry": { "type": "LineString", "coordinates": [ [ 13.971598095995216, 41.676768020546589 ], [ 13.986012755955992, 41.676896108358292 ] ] } },
{ "type": "Feature", "properties": { "road_id": "R00384", "name": "Avenue 284", "road_class": "residential", "lanes": 1, "speed_limit_kmh": null, "surface": "asphalt", "aadt": 499, "segment_no": 2, "length_m": 1200.0, "oneway": false }, "geometry": { "type": "LineString", "coordinates": [ [ 13.986012755955992, 41.676896108358292 ], [ 14.000427508616887, 41.677022388640481 ] ] } },
{ "type": "Feature", "properties": { "road_id": "R00385", "name": "Avenue 284", "road_class": "residential", "lanes": 1, "speed_limit_kmh": null, "surface": "asphalt", "aadt": 499, "segment_no": 3, "length_m": 1200.0, "oneway": false }, "geometry": { "type": "LineString", "coordinates": [ [ 14.000427508616887, 41.677022388640481 ], [ 14.014842352661125, 41.677146861360384 ] ] } },
{ "type": "Feature", "properties": { "road_id": "R00386", "name": "Avenue 284", "road_class": "residential", "lanes": 1, "speed_limit_kmh": null, "surface": "asphalt", "aadt": 499, "segment_no": 4, "length_m": 1200.0, "oneway": false }, "geometry": { "type": "LineString", "coordinates": [ [ 14.014842352661125, 41.677146861360384 ], [ 14.029257286771863, 41.677269526485667 ] ] } },
{ "type": "Feature", "properties": { "road_id": "R00387", "name": "Avenue 284", "road_class": "residential", "lanes": 1, "speed_limit_kmh": null, "surface": "asphalt", "aadt": 499, "segment_no": 5, "length_m": 1200.0, "oneway": false }, "geometry": { "type": "LineString", "coordinates": [ [ 14.029257286771863, 41.677269526485667 ], [ 14.043672309632216, 41.677390383984466 ] ] } },
{ "type": "Feature", "properties": { "road_id": "R00388", "name": "Avenue 284", "road_class": "residential", "lanes": 1, "speed_limit_kmh": null, "surface": "asphalt", "aadt": 499, "segment_no": 6, "length_m": 1200.0, "oneway": false }, "geometry": { "type": "LineString", "coordinates": [ [ 14.043672309632216, 41.677390383984466 ], [ 14.058087419925242, 41.677509433825385 ] ] } },
{ "type": "Feature", "properties": { "road_id": "R00389", "name": "Avenue 884", "road_class": "residential", "lanes": 1, "speed_limit_kmh": null, "surface": "asphalt", "aadt": 1715, "segment_no": 1, "length_m": 1200.0, "oneway": false }, "geometry": { "type": "LineString", "coordinates": [ [ 13.971512057296072, 41.682171451408742 ], [ 13.985927922716391, 41.682299563384163 ] ] } },
{ "type": "Feature", "properties": { "road_id": "R00390", "name": "Avenue 884", "road_class": "residential", "lanes": 1, "speed_limit_kmh": null, "surface": "asphalt", "aadt": 1715, "segment_no": 2, "length_m": 1200.0, "oneway": false }, "geometry": { "type": "LineString", "coordinates": [ [ 13.985927922716391, 41.682299563384163 ], [ 14.000343880866065, 41.682425867489187 ] ] } },
{ "type": "Feature", "properties": { "road_id": "R00391", "name": "Avenue 884", "road_class": "residential", "lanes": 1, "speed_limit_kmh": null, "surface": "asphalt", "aadt": 1715, "segment_no": 3, "length_m": 1200.0, "oneway": false }, "geometry": { "type": "LineString", "coordinates": [ [ 14.000343880866065, 41.682425867489187 ], [ 14.014759930427896, 41.682550363691021 ] ] } },
{ "type": "Feature", "properties": { "road_id": "R00392", "name": "Avenue 884", "road_class": "residential", "lanes": 1, "speed_limit_kmh": null, "surface": "asphalt", "aadt": 1715, "segment_no": 4, "length_m": 1200.0, "oneway": false }, "geometry": { "type": "LineString", "coordinates": [ [ 14.014759930427896, 41.682550363691021 ], [ 14.029176070084633, 41.682673051957309 ] ] } },
{ "type": "Feature", "properties": { "road_id": "R00393", "name": "Avenue 884", "road_class": "residential", "lanes": 1, "speed_limit_kmh": null, "surface": "asphalt", "aadt": 1715, "segment_no": 5, "length_m": 1200.0, "oneway": false }, "geometry": { "type": "LineString", "coordinates": [ [ 14.029176070084633, 41.682673051957309 ], [ 14.04359229851897, 41.682793932256182 ] ] } },
{ "type": "Feature", "properties": { "road_id": "R00394", "name": "Avenue 884", "road_class": "residential", "lanes": 1, "speed_limit_kmh": null, "surface": "asphalt", "aadt": 1715, "segment_no": 6, "length_m": 1200.0, "oneway": false }, "geometry": { "type": "LineString", "coordinates": [ [ 14.04359229851897, 41.682793932256182 ], [ 14.058008614413557, 41.682913004556255 ] ] } },
{ "type": "Feature", "properties": { "road_id": "R00395", "name": "Avenue 487", "road_class": "residential", "lanes": 1, "speed_limit_kmh": null, "surface": "asphalt", "aadt": 1320, "segment_no": 1, "length_m": 1200.0, "oneway": true }, "geometry": { "type": "LineString", "coordinates": [ [ 13.971425995085303, 41.687574877027664 ], [ 13.985843066294454, 41.687703013170825 ] ] } },
{ "type": "Feature", "properties": { "road_id": "R00396", "name": "Avenue 487", "road_class": "residential", "lanes": 1, "speed_limit_kmh": null, "surface": "asphalt", "aadt": 1320, "segment_no": 2, "length_m": 1200.0, "oneway": false }, "geometry": { "type": "LineString", "coordinates": [ [ 13.985843066294454, 41.687703013170825 ], [ 14.000260230262203, 41.687829341102628 ] ] } },
{ "type": "Feature", "properties": { "road_id": "R00397", "name": "Avenue 487", "road_class": "residential", "lanes": 1, "speed_limit_kmh": null, "surface": "asphalt", "aadt": 1320, "segment_no": 3, "length_m": 1200.0, "oneway": false }, "geometry": { "type": "LineString", "coordinates": [ [ 14.000260230262203, 41.687829341102628 ], [ 14.014677485670941, 41.687953860790252 ] ] } },
{ "type": "Feature", "properties": { "road_id": "R00398", "name": "Avenue 487", "road_class": "residential", "lanes": 1, "speed_limit_kmh": null, "surface": "asphalt", "aadt": 1320, "segment_no": 4, "length_m": 1200.0, "oneway": false }, "geometry": { "type": "LineString", "coordinates": [ [ 14.014677485670941, 41.687953860790252 ], [ 14.029094831203, 41.688076572201375 ] ] } },
{ "type": "Feature", "properties": { "road_id": "R00399", "name": "Avenue 487", "road_class": "residential", "lanes": 1, "speed_limit_kmh": null, "surface": "asphalt", "aadt": 1320, "segment_no": 5, "length_m": 1200.0, "oneway": false }, "geometry": { "type": "LineString", "coordinates": [ [ 14.029094831203, 41.688076572201375 ], [ 14.043512265540663, 41.688197475304101 ] ] } },
{ "type": "Feature", "properties": { "road_id": "R00400", "name": "Avenue 487", "road_class": "residential", "lanes": 1, "speed_limit_kmh": null, "surface": "asphalt", "aadt": 1320, "segment_no": 6, "length_m": 1200.0, "oneway": false }, "geometry": { "type": "LineString", "coordinates": [ [ 14.043512265540663, 41.688197475304101 ], [ 14.057929787366158, 41.688316570067038 ] ] } },
{ "type": "Feature", "properties": { "road_id": "R00401", "name": "Avenue 90", "road_class": "residential", "lanes": 1, "speed_limit_kmh": null, "surface": "asphalt", "aadt": 992, "segment_no": 1, "length_m": 1200.0, "oneway": false }, "geometry": { "type": "LineString", "coordinates": [ [ 13.971339909355491, 41.692978297403229 ], [ 13.985758186682862, 41.693106457718102 ] ] } },
{ "type": "Feature", "properties": { "road_id": "R00402", "name": "Avenue 90", "road_class": "residential", "lanes": 1, "speed_limit_kmh": null, "surface": "asphalt", "aadt": 992, "segment_no": 2, "length_m": 1200.0, "oneway": false }, "geometry": { "type": "LineString", "coordinates": [ [ 13.985758186682862, 41.693106457718102 ], [ 14.000176556798094, 41.693232809480619 ] ] } },
{ "type": "Feature", "properties": { "road_id": "R00403", "name": "Avenue 90", "road_class": "residential", "lanes": 1, "speed_limit_kmh": null, "surface": "asphalt", "aadt": 992, "segment_no": 3, "length_m": 1200.0, "oneway": false }, "geometry": { "type": "LineString", "coordinates": [ [ 14.000176556798094, 41.693232809480619 ], [ 14.014595018383154, 41.693357352657941 ] ] } },
{ "type": "Feature", "properties": { "road_id": "R00404", "name": "Avenue 90", "road_class": "residential", "lanes": 1, "speed_limit_kmh": null, "surface": "asphalt", "aadt": 992, "segment_no": 4, "length_m": 1200.0, "oneway": false }, "geometry": { "type": "LineString", "coordinates": [ [ 14.014595018383154, 41.693357352657941 ], [ 14.029013570119966, 41.693480087217736 ] ] } },
{ "type": "Feature", "properties": { "road_id": "R00405", "name": "Avenue 90", "road_class": "residential", "lanes": 1, "speed_limit_kmh": null, "surface": "asphalt", "aadt": 992, "segment_no": 5, "length_m": 1200.0, "oneway": false }, "geometry": { "type": "LineString", "coordinates": [ [ 14.029013570119966, 41.693480087217736 ], [ 14.043432210690394, 41.693601013128088 ] ] } },
{ "type": "Feature", "properties": { "road_id": "R00406", "name": "Avenue 90", "road_class": "residential", "lanes": 1, "speed_limit_kmh": null, "surface": "asphalt", "aadt": 992, "segment_no": 6, "length_m": 1200.0, "oneway": false }, "geometry": { "type": "LineString", "coordinates": [ [ 14.043432210690394, 41.693601013128088 ], [ 14.057850938776255, 41.693720130357605 ] ] } },
{ "type": "Feature", "properties": { "road_id": "R00407", "name": "Avenue 690", "road_class": "residential", "lanes": 1, "speed_limit_kmh": null, "surface": "asphalt", "aadt": 2282, "segment_no": 1, "length_m": 1200.0, "oneway": false }, "geometry": { "type": "LineString", "coordinates": [ [ 13.97125380009922, 41.698381712535252 ], [ 13.985673283874306, 41.698509897025843 ] ] } },
{ "type": "Feature", "properties": { "road_id": "R00408", "name": "Avenue 690", "road_class": "residential", "lanes": 1, "speed_limit_kmh": null, "surface": "asphalt", "aadt": 2282, "segment_no": 2, "length_m": 1200.0, "oneway": false }, "geometry": { "type": "LineString", "coordinates": [ [ 13.985673283874306, 41.698509897025843 ], [ 14.000092860466523, 41.69863627262302 ] ] } },
{ "type": "Feature", "properties": { "road_id": "R00409", "name": "Avenue 690", "road_class": "residential", "lanes": 1, "speed_limit_kmh": null, "surface": "asphalt", "aadt": 2282, "segment_no": 3, "length_m": 1200.0, "oneway": false }, "geometry": { "type": "LineString", "coordinates": [ [ 14.000092860466523, 41.69863627262302 ], [ 14.014512528557429, 41.698760839293939 ] ] } },
{ "type": "Feature", "properties": { "road_id": "R00410", "name": "Avenue 690", "road_class": "residential", "lanes": 1, "speed_limit_kmh": null, "surface": "asphalt", "aadt": 2282, "segment_no": 4, "length_m": 1200.0, "oneway": false }, "geometry": { "type": "LineString", "coordinates": [ [ 14.014512528557429, 41.698760839293939 ], [ 14.028932286828528, 41.698883597006215 ] ] } },
{ "type": "Feature", "properties": { "road_id": "R00411", "name": "Avenue 690", "road_class": "residential", "lanes": 1, "speed_limit_kmh": null, "surface": "asphalt", "aadt": 2282, "segment_no": 5, "length_m": 1200.0, "oneway": false }, "geometry": { "type": "LineString", "coordinates": [ [ 14.028932286828528, 41.698883597006215 ], [ 14.043352133961269, 41.699004545727966 ] ] } },
{ "type": "Feature", "properties": { "road_id": "R00412", "name": "Avenue 690", "road_class": "residential", "lanes": 1, "speed_limit_kmh": null, "surface": "asphalt", "aadt": 2282, "segment_no": 6, "length_m": 1200.0, "oneway": false }, "geometry": { "type": "LineString", "coordinates": [ [ 14.043352133961269, 41.699004545727966 ], [ 14.057772068637052, 41.699123685427779 ] ] } },
{ "type": "Feature", "properties": { "road_id": "R00413", "name": "Avenue 293", "road_class": "residential", "lanes": 1, "speed_limit_kmh": null, "surface": "asphalt", "aadt": 2477, "segment_no": 1, "length_m": 1200.0, "oneway": false }, "geometry": { "type": "LineString", "coordinates": [ [ 13.971167667309066, 41.703785122423561 ], [ 13.985588357861463, 41.703913331093901 ] ] } },
{ "type": "Feature", "properties": { "road_id": "R00414", "name": "Avenue 293", "road_class": "residential", "lanes": 1, "speed_limit_kmh": null, "surface": "asphalt", "aadt": 2477, "segment_no": 2, "length_m": 1200.0, "oneway": false }, "geometry": { "type": "LineString", "coordinates": [ [ 13.985588357861463, 41.703913331093901 ], [ 14.000009141260279, 41.704039730529679 ] ] } },
{ "type": "Feature", "properties": { "road_id": "R00415", "name": "Avenue 293", "road_class": "residential", "lanes": 1, "speed_limit_kmh": null, "surface": "asphalt", "aadt": 2477, "segment_no": 3, "length_m": 1200.0, "oneway": true }, "geometry": { "type": "LineString", "coordinates": [ [ 14.000009141260279, 41.704039730529679 ], [ 14.014430016186655, 41.704164320698062 ] ] } },
{ "type": "Feature", "properties": { "road_id": "R00416", "name": "Avenue 293", "road_class": "residential", "lanes": 1, "speed_limit_kmh": null, "surface": "asphalt", "aadt": 2477, "segment_no": 4, "length_m": 1200.0, "oneway": false }, "geometry": { "type": "LineString", "coordinates": [ [ 14.014430016186655, 41.704164320698062 ], [ 14.028850981321677, 41.704287101566671 ] ] } },
{ "type": "Feature", "properties": { "road_id": "R00417", "name": "Avenue 293", "road_class": "residential", "lanes": 1, "speed_limit_kmh": null, "surface": "asphalt", "aadt": 2477, "segment_no": 5, "length_m": 1200.0, "oneway": false }, "geometry": { "type": "LineString", "coordinates": [ [ 14.028850981321677, 41.704287101566671 ], [ 14.04327203534638, 41.7044080731036 ] ] } },
{ "type": "Feature", "properties": { "road_id": "R00418", "name": "Avenue 293", "road_class": "residential", "lanes": 1, "speed_limit_kmh": null, "surface": "asphalt", "aadt": 2477, "segment_no": 6, "length_m": 1200.0, "oneway": false }, "geometry": { "type": "LineString", "coordinates": [ [ 14.04327203534638, 41.7044080731036 ], [ 14.057693176941749, 41.704527235277425 ] ] } },
{ "type": "Feature", "properties": { "road_id": "R00419", "name": "Avenue 893", "road_class": "residential", "lanes": 1, "speed_limit_kmh": null, "surface": "asphalt", "aadt": 900, "segment_no": 1, "length_m": 1200.0, "oneway": false }, "geometry": { "type": "LineString", "coordinates": [ [ 13.971081510977605, 41.709188527068051 ], [ 13.985503408637015, 41.70931675992211 ] ] } },
{ "type": "Feature", "properties": { "road_id": "R00420", "name": "Avenue 893", "road_class": "residential", "lanes": 1, "speed_limit_kmh": null, "surface": "asphalt", "aadt": 900, "segment_no": 2, "length_m": 1200.0, "oneway": false }, "geometry": { "type": "LineString", "coordinates": [ [ 13.985503408637015, 41.70931675992211 ], [ 13.999925399172144, 41.709443183200435 ] ] } },
{ "type": "Feature", "properties": { "road_id": "R00421", "name": "Avenue 893", "road_class": "residential", "lanes": 1, "speed_limit_kmh": null, "surface": "asphalt", "aadt": 900, "segment_no": 3, "length_m": 1200.0, "oneway": false }, "geometry": { "type": "LineString", "coordinates": [ [ 13.999925399172144, 41.709443183200435 ], [ 14.014347481263716, 41.709567796870182 ] ] } },
{ "type": "Feature", "properties": { "road_id": "R00422", "name": "Avenue 893", "road_class": "residential", "lanes": 1, "speed_limit_kmh": null, "surface": "asphalt", "aadt": 900, "segment_no": 4, "length_m": 1200.0, "oneway": true }, "geometry": { "type": "LineString", "coordinates": [ [ 14.014347481263716, 41.709567796870182 ], [ 14.028769653592402, 41.709690600898952 ] ] } },
{ "type": "Feature", "properties": { "road_id": "R00423", "name": "Avenue 893", "road_class": "residential", "lanes": 1, "speed_limit_kmh": null, "surface": "asphalt", "aadt": 900, "segment_no": 5, "length_m": 1200.0, "oneway": true }, "geometry": { "type": "LineString", "coordinates": [ [ 14.028769653592402, 41.709690600898952 ], [ 14.043191914838824, 41.709811595254841 ] ] } },
{ "type": "Feature", "properties": { "road_id": "R00424", "name": "Avenue 893", "road_class": "residential", "lanes": 1, "speed_limit_kmh": null, "surface": "asphalt", "aadt": 900, "segment_no": 6, "length_m": 1200.0, "oneway": true }, "geometry": { "type": "LineString", "coordinates": [ [ 14.043191914838824, 41.709811595254841 ], [ 14.057614263683545, 41.709930779906401 ] ] } },
{ "type": "Feature", "properties": { "road_id": "R00425", "name": "Avenue 496", "road_class": "residential", "lanes": 1, "speed_limit_kmh": null, "surface": "asphalt", "aadt": 321, "segment_no": 1, "length_m": 1200.0, "oneway": false }, "geometry": { "type": "LineString", "coordinates": [ [ 13.970995331097406, 41.714591926468536 ], [ 13.985418436193635, 41.714720183510337 ] ] } },
{ "type": "Feature", "properties": { "road_id": "R00426", "name": "Avenue 496", "road_class": "residential", "lanes": 1, "speed_limit_kmh": null, "surface": "asphalt", "aadt": 321, "segment_no": 2, "length_m": 1200.0, "oneway": false }, "geometry": { "type": "LineString", "coordinates": [ [ 13.985418436193635, 41.714720183510337 ], [ 13.999841634194897, 41.714846630635151 ] ] } },
{ "type": "Feature", "properties": { "road_id": "R00427", "name": "Avenue 496", "road_class": "residential", "lanes": 1, "speed_limit_kmh": null, "surface": "asphalt", "aadt": 321, "segment_no": 3, "length_m": 1200.0, "oneway": false }, "geometry": { "type": "LineString", "coordinates": [ [ 13.999841634194897, 41.714846630635151 ], [ 14.014264923781498, 41.714971267810149 ] ] } },
{ "type": "Feature", "properties": { "road_id": "R00428", "name": "Avenue 496", "road_class": "residential", "lanes": 1, "speed_limit_kmh": null, "surface": "asphalt", "aadt": 321, "segment_no": 4, "length_m": 1200.0, "oneway": false }, "geometry": { "type": "LineString", "coordinates": [ [ 14.014264923781498, 41.714971267810149 ], [ 14.028688303633695, 41.715094095002925 ] ] } },
{ "type": "Feature", "properties": { "road_id": "R00429", "name": "Avenue 496", "road_class": "residential", "lanes": 1, "speed_limit_kmh": null, "surface": "asphalt", "aadt": 321, "segment_no": 5, "length_m": 1200.0, "oneway": true }, "geometry": { "type": "LineString", "coordinates": [ [ 14.028688303633695, 41.715094095002925 ], [ 14.04311177243169, 41.715215112181539 ] ] } },
{ "type": "Feature", "properties": { "road_id": "R00430", "name": "Avenue 496", "road_class": "residential", "lanes": 1, "speed_limit_kmh": null, "surface": "asphalt", "aadt": 321, "segment_no": 6, "length_m": 1200.0, "oneway": false }, "geometry": { "type": "LineString", "coordinates": [ [ 14.04311177243169, 41.715215112181539 ], [ 14.057535328855638, 41.715334319314557 ] ] } },
{ "type": "Feature", "properties": { "road_id": "R00431", "name": "Avenue 99", "road_class": "residential", "lanes": 1, "speed_limit_kmh": null, "surface": "asphalt", "aadt": 1885, "segment_no": 1, "length_m": 1200.0, "oneway": false }, "geometry": { "type": "LineString", "coordinates": [ [ 13.97090912766104, 41.719995320624847 ], [ 13.985333440523997, 41.720123601858376 ] ] } },
{ "type": "Feature", "properties": { "road_id": "R00432", "name": "Avenue 99", "road_class": "residential", "lanes": 1, "speed_limit_kmh": null, "surface": "asphalt", "aadt": 1885, "segment_no": 2, "length_m": 1200.0, "oneway": false }, "geometry": { "type": "LineString", "coordinates": [ [ 13.985333440523997, 41.720123601858376 ], [ 13.999757846321312, 41.720250072833657 ] ] } },
{ "type": "Feature", "properties": { "road_id": "R00433", "name": "Avenue 99", "road_class": "residential", "lanes": 1, "speed_limit_kmh": null, "surface": "asphalt", "aadt": 1885, "segment_no": 3, "length_m": 1200.0, "oneway": false }, "geometry": { "type": "LineString", "coordinates": [ [ 13.999757846321312, 41.720250072833657 ], [ 14.01418234373288, 41.720374733517801 ] ] } },
{ "type": "Feature", "properties": { "road_id": "R00434", "name": "Avenue 99", "road_class": "residential", "lanes": 1, "speed_limit_kmh": null, "surface": "asphalt", "aadt": 1885, "segment_no": 4, "length_m": 1200.0, "oneway": false }, "geometry": { "type": "LineString", "coordinates": [ [ 14.01418234373288, 41.720374733517801 ], [ 14.028606931438537, 41.720497583878412 ] ] } },
{ "type": "Feature", "properties": { "road_id": "R00435", "name": "Avenue 99", "road_class": "residential", "lanes": 1, "speed_limit_kmh": null, "surface": "asphalt", "aadt": 1885, "segment_no": 5, "length_m": 1200.0, "oneway": true }, "geometry": { "type": "LineString", "coordinates": [ [ 14.028606931438537, 41.720497583878412 ], [ 14.043031608118069, 41.720618623883546 ] ] } },
{ "type": "Feature", "properties": { "road_id": "R00436", "name": "Avenue 99", "road_class": "residential", "lanes": 1, "speed_limit_kmh": null, "surface": "asphalt", "aadt": 1885, "segment_no": 6, "length_m": 1200.0, "oneway": false }, "geometry": { "type": "LineString", "coordinates": [ [ 14.043031608118069, 41.720618623883546 ], [ 14.057456372451213, 41.720737853501745 ] ] } },
{ "type": "Feature", "properties": { "road_id": "R00437", "name": "Avenue 699", "road_class": "residential", "lanes": 1, "speed_limit_kmh": null, "surface": "asphalt", "aadt": 1974, "segment_no": 1, "length_m": 1200.0, "oneway": false }, "geometry": { "type": "LineString", "coordinates": [ [ 13.970822900661068, 41.725398709536854 ], [ 13.985248421620767, 41.725527014966126 ] ] } },
{ "type": "Feature", "properties": { "road_id": "R00438", "name": "Avenue 699", "road_class": "residential", "lanes": 1, "speed_limit_kmh": null, "surface": "asphalt", "aadt": 1974, "segment_no": 2, "length_m": 1200.0, "oneway": false }, "geometry": { "type": "LineString", "coordinates": [ [ 13.985248421620767, 41.725527014966126 ], [ 13.999674035544164, 41.725653509795805 ] ] } },
{ "type": "Feature", "properties": { "road_id": "R00439", "name": "Avenue 699", "road_class": "residential", "lanes": 1, "speed_limit_kmh": null, "surface": "asphalt", "aadt": 1974, "segment_no": 3, "length_m": 1200.0, "oneway": false }, "geometry": { "type": "LineString", "coordinates": [ [ 13.999674035544164, 41.725653509795805 ], [ 14.014099741110739, 41.725778193993001 ] ] } },
{ "type": "Feature", "properties": { "road_id": "R00440", "name": "Avenue 699", "road_class": "residential", "lanes": 1, "speed_limit_kmh": null, "surface": "asphalt", "aadt": 1974, "segment_no": 4, "length_m": 1200.0, "oneway": false }, "geometry": { "type": "LineString", "coordinates": [ [ 14.014099741110739, 41.725778193993001 ], [ 14.028525536999908, 41.725901067525271 ] ] } },
{ "type": "Feature", "properties": { "road_id": "R00441", "name": "Avenue 699", "road_class": "residential", "lanes": 1, "speed_limit_kmh": null, "surface": "asphalt", "aadt": 1974, "segment_no": 5, "length_m": 1200.0, "oneway": false }, "geometry": { "type": "LineString", "coordinates": [ [ 14.028525536999908, 41.725901067525271 ], [ 14.042951421891043, 41.726022130360704 ] ] } },
{ "type": "Feature", "properties": { "road_id": "R00442", "name": "Avenue 699", "road_class": "residential", "lanes": 1, "speed_limit_kmh": null, "surface": "asphalt", "aadt": 1974, "segment_no": 6, "length_m": 1200.0, "oneway": false }, "geometry": { "type": "LineString", "coordinates": [ [ 14.042951421891043, 41.726022130360704 ], [ 14.057377394463463, 41.726141382467809 ] ] } },
{ "type": "Feature", "properties": { "road_id": "R00443", "name": "Avenue 302", "road_class": "residential", "lanes": 1, "speed_limit_kmh": null, "surface": "asphalt", "aadt": 1190, "segment_no": 1, "length_m": 1200.0, "oneway": false }, "geometry": { "type": "LineString", "coordinates": [ [ 13.97073665009005, 41.730802093204375 ], [ 13.98516337947661, 41.730930422833431 ] ] } },
{ "type": "Feature", "properties": { "road_id": "R00444", "name": "Avenue 302", "road_class": "residential", "lanes": 1, "speed_limit_kmh": null, "surface": "asphalt", "aadt": 1190, "segment_no": 2, "length_m": 1200.0, "oneway": false }, "geometry": { "type": "LineString", "coordinates": [ [ 13.98516337947661, 41.730930422833431 ], [ 13.999590201856224, 41.731056941521452 ] ] } },
{ "type": "Feature", "properties": { "road_id": "R00445", "name": "Avenue 302", "road_class": "residential", "lanes": 1, "speed_limit_kmh": null, "surface": "asphalt", "aadt": 1190, "segment_no": 3, "length_m": 1200.0, "oneway": false }, "geometry": { "type": "LineString", "coordinates": [ [ 13.999590201856224, 41.731056941521452 ], [ 14.014017115907945, 41.731181649235566 ] ] } },
{ "type": "Feature", "properties": { "road_id": "R00446", "name": "Avenue 302", "road_class": "residential", "lanes": 1, "speed_limit_kmh": null, "surface": "asphalt", "aadt": 1190, "segment_no": 4, "length_m": 1200.0, "oneway": false }, "geometry": { "type": "LineString", "coordinates": [ [ 14.014017115907945, 41.731181649235566 ], [ 14.028444120310786, 41.731304545943367 ] ] } },
{ "type": "Feature", "properties": { "road_id": "R00447", "name": "Avenue 302", "road_class": "residential", "lanes": 1, "speed_limit_kmh": null, "surface": "asphalt", "aadt": 1190, "segment_no": 5, "length_m": 1200.0, "oneway": false }, "geometry": { "type": "LineString", "coordinates": [ [ 14.028444120310786, 41.731304545943367 ], [ 14.042871213743695, 41.731425631612865 ] ] } },
{ "type": "Feature", "properties": { "road_id": "R00448", "name": "Avenue 302", "road_class": "residential", "lanes": 1, "speed_limit_kmh": null, "surface": "asphalt", "aadt": 1190, "segment_no": 6, "length_m": 1200.0, "oneway": false }, "geometry": { "type": "LineString", "coordinates": [ [ 14.042871213743695, 41.731425631612865 ], [ 14.057298394885576, 41.731544906212612 ] ] } },
{ "type": "Feature", "properties": { "road_id": "R00449", "name": "Avenue 902", "road_class": "residential", "lanes": 1, "speed_limit_kmh": null, "surface": "asphalt", "aadt": 2239, "segment_no": 1, "length_m": 1200.0, "oneway": true }, "geometry": { "type": "LineString", "coordinates": [ [ 13.970650375940549, 41.736205471627294 ], [ 13.985078314084191, 41.736333825460086 ] ] } },
{ "type": "Feature", "properties": { "road_id": "R00450", "name": "Avenue 902", "road_class": "residential", "lanes": 1, "speed_limit_kmh": null, "surface": "asphalt", "aadt": 2239, "segment_no": 2, "length_m": 1200.0, "oneway": false }, "geometry": { "type": "LineString", "coordinates": [ [ 13.985078314084191, 41.736333825460086 ], [ 13.999506345250252, 41.73646036801042 ] ] } },
{ "type": "Feature", "properties": { "road_id": "R00451", "name": "Avenue 902", "road_class": "residential", "lanes": 1, "speed_limit_kmh": null, "surface": "asphalt", "aadt": 2239, "segment_no": 3, "length_m": 1200.0, "oneway": true }, "geometry": { "type": "LineString", "coordinates": [ [ 13.999506345250252, 41.73646036801042 ], [ 14.013934468117373, 41.736585099245382 ] ] } },
{ "type": "Feature", "properties": { "road_id": "R00452", "name": "Avenue 902", "road_class": "residential", "lanes": 1, "speed_limit_kmh": null, "surface": "asphalt", "aadt": 2239, "segment_no": 4, "length_m": 1200.0, "oneway": false }, "geometry": { "type": "LineString", "coordinates": [ [ 14.013934468117373, 41.736585099245382 ], [ 14.028362681364145, 41.736708019132536 ] ] } },
{ "type": "Feature", "properties": { "road_id": "R00453", "name": "Avenue 902", "road_class": "residential", "lanes": 1, "speed_limit_kmh": null, "surface": "asphalt", "aadt": 2239, "segment_no": 5, "length_m": 1200.0, "oneway": false }, "geometry": { "type": "LineString", "coordinates": [ [ 14.028362681364145, 41.736708019132536 ], [ 14.042790983669102, 41.736829127639893 ] ] } },
{ "type": "Feature", "properties": { "road_id": "R00454", "name": "Avenue 902", "road_class": "residential", "lanes": 1, "speed_limit_kmh": null, "surface": "asphalt", "aadt": 2239, "segment_no": 6, "length_m": 1200.0, "oneway": false }, "geometry": { "type": "LineString", "coordinates": [ [ 14.042790983669102, 41.736829127639893 ], [ 14.057219373710732, 41.736948424735999 ] ] } },
{ "type": "Feature", "properties": { "road_id": "R00455", "name": "Avenue 505", "road_class": "residential", "lanes": 1, "speed_limit_kmh": null, "surface": "asphalt", "aadt": 897, "segment_no": 1, "length_m": 1200.0, "oneway": false }, "geometry": { "type": "LineString", "coordinates": [ [ 13.970564078205115, 41.741608844805398 ], [ 13.984993225436163, 41.741737222845984 ] ] } },
{ "type": "Feature", "properties": { "road_id": "R00456", "name": "Avenue 505", "road_class": "residential", "lanes": 1, "speed_limit_kmh": null, "surface": "asphalt", "aadt": 897, "segment_no": 2, "length_m": 1200.0, "oneway": false }, "geometry": { "type": "LineString", "coordinates": [ [ 13.984993225436163, 41.741737222845984 ], [ 13.999422465719013, 41.741863789262588 ] ] } },
{ "type": "Feature", "properties": { "road_id": "R00457", "name": "Avenue 505", "road_class": "residential", "lanes": 1, "speed_limit_kmh": null, "surface": "asphalt", "aadt": 897, "segment_no": 3, "length_m": 1200.0, "oneway": false }, "geometry": { "type": "LineString", "coordinates": [ [ 13.999422465719013, 41.741863789262588 ], [ 14.013851797731887, 41.741988544022277 ] ] } },
{ "type": "Feature", "properties": { "road_id": "R00458", "name": "Avenue 505", "road_class": "residential", "lanes": 1, "speed_limit_kmh": null, "surface": "asphalt", "aadt": 897, "segment_no": 4, "length_m": 1200.0, "oneway": false }, "geometry": { "type": "LineString", "coordinates": [ [ 14.013851797731887, 41.741988544022277 ], [ 14.028281220152955, 41.742111487092615 ] ] } },
{ "type": "Feature", "properties": { "road_id": "R00459", "name": "Avenue 505", "road_class": "residential", "lanes": 1, "speed_limit_kmh": null, "surface": "asphalt", "aadt": 897, "segment_no": 5, "length_m": 1200.0, "oneway": false }, "geometry": { "type": "LineString", "coordinates": [ [ 14.028281220152955, 41.742111487092615 ], [ 14.042710731660341, 41.742232618441641 ] ] } },
{ "type": "Feature", "properties": { "road_id": "R00460", "name": "Avenue 505", "road_class": "residential", "lanes": 1, "speed_limit_kmh": null, "surface": "asphalt", "aadt": 897, "segment_no": 6, "length_m": 1200.0, "oneway": false }, "geometry": { "type": "LineString", "coordinates": [ [ 14.042710731660341, 41.742232618441641 ], [ 14.057140330932107, 41.742351938037835 ] ] } },
{ "type": "Feature", "properties": { "road_id": "R00461", "name": "Street 127", "road_class": "residential", "lanes": 1, "speed_limit_kmh": null, "surface": "asphalt", "aadt": 674, "segment_no": 1, "length_m": 1066.7, "oneway": false }, "geometry": { "type": "LineString", "coordinates": [ [ 13.891586624476549, 41.788610338865361 ], [ 13.891421102201212, 41.798215996222098 ] ] } },
{ "type": "Feature", "properties": { "road_id": "R00462", "name": "Street 127", "road_class": "residential", "lanes": 1, "speed_limit_kmh": null, "surface": "asphalt", "aadt": 674, "segment_no": 2, "length_m": 1066.7, "oneway": false }, "geometry": { "type": "LineString", "coordinates": [ [ 13.891421102201212, 41.798215996222098 ], [ 13.891255499433678, 41.807821636924963 ] ] } },
{ "type": "Feature", "properties": { "road_id": "R00463", "name": "Street 127", "road_class": "residential", "lanes": 1, "speed_limit_kmh": null, "surface": "asphalt", "aadt": 674, "segment_no": 3, "length_m": 1066.7, "oneway": false }, "geometry": { "type": "LineString", "coordinates": [ [ 13.891255499433678, 41.807821636924963 ], [ 13.891089816128668, 41.817427260973069 ] ] } },
{ "type": "Feature", "properties": { "road_id": "R00464", "name": "Street 677", "road_class": "residential", "lanes": 1, "speed_limit_kmh": null, "surface": "asphalt", "aadt": 311, "segment_no": 1, "length_m": 1066.7, "oneway": false }, "geometry": { "type": "LineString", "coordinates": [ [ 13.898204630556847, 41.788674006949712 ], [ 13.898040096076812, 41.798279685649987 ] ] } },
{ "type": "Feature", "properties": { "road_id": "R00465", "name": "Street 677", "road_class": "residential", "lanes": 1, "speed_limit_kmh": null, "surface": "asphalt", "aadt": 311, "segment_no": 2, "length_m": 1066.7, "oneway": false }, "geometry": { "type": "LineString", "coordinates": [ [ 13.898040096076812, 41.798279685649987 ], [ 13.897875481584718, 41.807885347702708 ] ] } },
{ "type": "Feature", "properties": { "road_id": "R00466", "name": "Street 677", "road_class": "residential", "lanes": 1, "speed_limit_kmh": null, "surface": "asphalt", "aadt": 311, "segment_no": 3, "length_m": 1066.7, "oneway": false }, "geometry": { "type": "LineString", "coordinates": [ [ 13.897875481584718, 41.807885347702708 ], [ 13.897710787035557, 41.817490993106958 ] ] } },
{ "type": "Feature", "properties": { "road_id": "R00467", "name": "Street 230", "road_class": "residential", "lanes": 1, "speed_limit_kmh": null, "surface": "asphalt", "aadt": 1721, "segment_no": 1, "length_m": 1066.7, "oneway": false }, "geometry": { "type": "LineString", "coordinates": [ [ 13.904822657897927, 41.788737293876331 ], [ 13.904659111225151, 41.798342993792424 ] ] } },
{ "type": "Feature", "properties": { "road_id": "R00468", "name": "Street 230", "road_class": "residential", "lanes": 1, "speed_limit_kmh": null, "surface": "asphalt", "aadt": 1721, "segment_no": 2, "length_m": 1066.7, "oneway": false }, "geometry": { "type": "LineString", "coordinates": [ [ 13.904659111225151, 41.798342993792424 ], [ 13.904495485020462, 41.807948677067216 ] ] } },
{ "type": "Feature", "properties": { "road_id": "R00469", "name": "Street 230", "road_class": "residential", "lanes": 1, "speed_limit_kmh": null, "surface": "asphalt", "aadt": 1721, "segment_no": 3, "length_m": 1066.7, "oneway": false }, "geometry": { "type": "LineString", "coordinates": [ [ 13.904495485020462, 41.807948677067216 ], [ 13.904331779239126, 41.817554343699811 ] ] } },
{ "type": "Feature", "properties": { "road_id": "R00470", "name": "Street 780", "road_class": "residential", "lanes": 1, "speed_limit_kmh": null, "surface": "asphalt", "aadt": 1450, "segment_no": 1, "length_m": 1066.7, "oneway": false }, "geometry": { "type": "LineString", "coordinates": [ [ 13.911440706372204, 41.78880019964177 ], [ 13.911278147518569, 41.798405920645926 ] ] } },
{ "type": "Feature", "properties": { "road_id": "R00471", "name": "Street 780", "road_class": "residential", "lanes": 1, "speed_limit_kmh": null, "surface": "asphalt", "aadt": 1450, "segment_no": 2, "length_m": 1066.7, "oneway": false }, "geometry": { "type": "LineString", "coordinates": [ [ 13.911278147518569, 41.798405920645926 ], [ 13.911115509613179, 41.808011625015013 ] ] } },
{ "type": "Feature", "properties": { "road_id": "R00472", "name": "Street 780", "road_class": "residential", "lanes": 1, "speed_limit_kmh": null, "surface": "asphalt", "aadt": 1450, "segment_no": 3, "length_m": 1066.7, "oneway": false }, "geometry": { "type": "LineString", "coordinates": [ [ 13.911115509613179, 41.808011625015013 ], [ 13.910952792611569, 41.817617312748148 ] ] } },
{ "type": "Feature", "properties": { "road_id": "R00473", "name": "Street 333", "road_class": "residential", "lanes": 1, "speed_limit_kmh": null, "surface": "asphalt", "aadt": 408, "segment_no": 1, "length_m": 1066.7, "oneway": false }, "geometry": { "type": "LineString", "coordinates": [ [ 13.918058775852089, 41.788862724242591 ], [ 13.917897204829409, 41.798468466207076 ] ] } },
{ "type": "Feature", "properties": { "road_id": "R00474", "name": "Street 333", "road_class": "residential", "lanes": 1, "speed_limit_kmh": null, "surface": "asphalt", "aadt": 408, "segment_no": 2, "length_m": 1066.7, "oneway": false }, "geometry": { "type": "LineString", "coordinates": [ [ 13.917897204829409, 41.798468466207076 ], [ 13.917735555235142, 41.808074191542687 ] ] } },
{ "type": "Feature", "properties": { "road_id": "R00475", "name": "Street 333", "road_class": "residential", "lanes": 1, "speed_limit_kmh": null, "surface": "asphalt", "aadt": 408, "segment_no": 3, "length_m": 1066.7, "oneway": false }, "geometry": { "type": "LineString", "coordinates": [ [ 13.917735555235142, 41.808074191542687 ], [ 13.917573827025089, 41.817679900248528 ] ] } },
{ "type": "Feature", "properties": { "road_id": "R00476", "name": "Street 883", "road_class": "residential", "lanes": 1, "speed_limit_kmh": null, "surface": "asphalt", "aadt": 1888, "segment_no": 1, "length_m": 1066.7, "oneway": false }, "geometry": { "type": "LineString", "coordinates": [ [ 13.924676866209992, 41.788924867675355 ], [ 13.924516283030007, 41.798530630472442 ] ] } },
{ "type": "Feature", "properties": { "road_id": "R00477", "name": "Street 883", "road_class": "residential", "lanes": 1, "speed_limit_kmh": null, "surface": "asphalt", "aadt": 1888, "segment_no": 2, "length_m": 1066.7, "oneway": false }, "geometry": { "type": "LineString", "coordinates": [ [ 13.924516283030007, 41.798530630472442 ], [ 13.924355621758611, 41.808136376646807 ] ] } },
{ "type": "Feature", "properties": { "road_id": "R00478", "name": "Street 883", "road_class": "residential", "lanes": 1, "speed_limit_kmh": null, "surface": "asphalt", "aadt": 1888, "segment_no": 3, "length_m": 1066.7, "oneway": false }, "geometry": { "type": "LineString", "coordinates": [ [ 13.924355621758611, 41.808136376646807 ], [ 13.924194882351879, 41.817742106197549 ] ] } },
{ "type": "Feature", "properties": { "road_id": "R00479", "name": "Avenue 820", "road_class": "residential", "lanes": 1, "speed_limit_kmh": null, "surface": "asphalt", "aadt": 723, "segment_no": 1, "length_m": 1066.7, "oneway": false }, "geometry": { "type": "LineString", "coordinates": [ [ 13.891586624476549, 41.788610338865361 ], [ 13.904421564728931, 41.788733469155311 ] ] } },
{ "type": "Feature", "properties": { "road_id": "R00480", "name": "Avenue 820", "road_class": "residential", "lanes": 1, "speed_limit_kmh": null, "surface": "asphalt", "aadt": 723, "segment_no": 2, "length_m": 1066.7, "oneway": false }, "geometry": { "type": "LineString", "coordinates": [ [ 13.904421564728931, 41.788733469155311 ], [ 13.917256584497602, 41.788855165803994 ] ] } },
{ "type": "Feature", "properties": { "road_id": "R00481", "name": "Avenue 820", "road_class": "residential", "lanes": 1, "speed_limit_kmh": null, "surface": "asphalt", "aadt": 723, "segment_no": 3, "length_m": 1066.7, "oneway": false }, "geometry": { "type": "LineString", "coordinates": [ [ 13.917256584497602, 41.788855165803994 ], [ 13.930091682851867, 41.788975428786379 ] ] } },
{ "type": "Feature", "properties": { "road_id": "R00482", "name": "Avenue 373", "road_class": "residential", "lanes": 1, "speed_limit_kmh": null, "surface": "asphalt", "aadt": 666, "segment_no": 1, "length_m": 1066.7, "oneway": false }, "geometry": { "type": "LineString", "coordinates": [ [ 13.89150128710223, 41.793563258019581 ], [ 13.904337215039279, 41.793686409591551 ] ] } },
{ "type": "Feature", "properties": { "road_id": "R00483", "name": "Avenue 373", "road_class": "residential", "lanes": 1, "speed_limit_kmh": null, "surface": "asphalt", "aadt": 666, "segment_no": 2, "length_m": 1066.7, "oneway": false }, "geometry": { "type": "LineString", "coordinates": [ [ 13.904337215039279, 41.793686409591551 ], [ 13.91717322251567, 41.793808127274545 ] ] } },
{ "type": "Feature", "properties": { "road_id": "R00484", "name": "Avenue 373", "road_class": "residential", "lanes": 1, "speed_limit_kmh": null, "surface": "asphalt", "aadt": 666, "segment_no": 3, "length_m": 1066.7, "oneway": false }, "geometry": { "type": "LineString", "coordinates": [ [ 13.91717322251567, 41.793808127274545 ], [ 13.930009308600434, 41.79392841104351 ] ] } },
{ "type": "Feature", "properties": { "road_id": "R00485", "name": "Avenue 923", "road_class": "residential", "lanes": 1, "speed_limit_kmh": null, "surface": "asphalt", "aadt": 318, "segment_no": 1, "length_m": 1066.7, "oneway": true }, "geometry": { "type": "LineString", "coordinates": [ [ 13.89141592833335, 41.798516172746162 ], [ 13.904252844202569, 41.798639345603384 ] ] } },
{ "type": "Feature", "properties": { "road_id": "R00486", "name": "Avenue 923", "road_class": "residential", "lanes": 1, "speed_limit_kmh": null, "surface": "asphalt", "aadt": 318, "segment_no": 2, "length_m": 1066.7, "oneway": false }, "geometry": { "type": "LineString", "coordinates": [ [ 13.904252844202569, 41.798639345603384 ], [ 13.917089839634194, 41.798761084323885 ] ] } },
{ "type": "Feature", "properties": { "road_id": "R00487", "name": "Avenue 923", "road_class": "residential", "lanes": 1, "speed_limit_kmh": null, "surface": "asphalt", "aadt": 318, "segment_no": 3, "length_m": 1066.7, "oneway": false }, "geometry": { "type": "LineString", "coordinates": [ [ 13.917089839634194, 41.798761084323885 ], [ 13.929926913696985, 41.798881388882613 ] ] } },
{ "type": "Feature", "properties": { "road_id": "R00488", "name": "Avenue 476", "road_class": "residential", "lanes": 1, "speed_limit_kmh": null, "surface": "asphalt", "aadt": 2187, "segment_no": 1, "length_m": 1066.7, "oneway": false }, "geometry": { "type": "LineString", "coordinates": [ [ 13.891330548163701, 41.803469083044966 ], [ 13.904168452212671, 41.80359227719071 ] ] } },
{ "type": "Feature", "properties": { "road_id": "R00489", "name": "Avenue 476", "road_class": "residential", "lanes": 1, "speed_limit_kmh": null, "surface": "asphalt", "aadt": 2187, "segment_no": 2, "length_m": 1066.7, "oneway": false }, "geometry": { "type": "LineString", "coordinates": [ [ 13.904168452212671, 41.80359227719071 ], [ 13.917006435847117, 41.803714036951924 ] ] } },
{ "type": "Feature", "properties": { "road_id": "R00490", "name": "Avenue 476", "road_class": "residential", "lanes": 1, "speed_limit_kmh": null, "surface": "asphalt", "aadt": 2187, "segment_no": 3, "length_m": 1066.7, "oneway": false }, "geometry": { "type": "LineString", "coordinates": [ [ 13.917006435847117, 41.803714036951924 ], [ 13.92984449813553, 41.803834362303576 ] ] } },
{ "type": "Feature", "properties": { "road_id": "R00491", "name": "Avenue 29", "road_class": "residential", "lanes": 1, "speed_limit_kmh": null, "surface": "asphalt", "aadt": 253, "segment_no": 1, "length_m": 1066.7, "oneway": false }, "geometry": { "type": "LineString", "coordinates": [ [ 13.89124514658708, 41.808421988915924 ], [ 13.90408403906345, 41.8085452043534 ] ] } },
{ "type": "Feature", "properties": { "road_id": "R00492", "name": "Avenue 29", "road_class": "residential", "lanes": 1, "speed_limit_kmh": null, "surface": "asphalt", "aadt": 253, "segment_no": 2, "length_m": 1066.7, "oneway": false }, "geometry": { "type": "LineString", "coordinates": [ [ 13.90408403906345, 41.8085452043534 ], [ 13.916923011148377, 41.808666985158538 ] ] } },
{ "type": "Feature", "properties": { "road_id": "R00493", "name": "Avenue 29", "road_class": "residential", "lanes": 1, "speed_limit_kmh": null, "surface": "asphalt", "aadt": 253, "segment_no": 3, "length_m": 1066.7, "oneway": false }, "geometry": { "type": "LineString", "coordinates": [ [ 13.916923011148377, 41.808666985158538 ], [ 13.929762061910083, 41.80878733130627 ] ] } },
{ "type": "Feature", "properties": { "road_id": "R00494", "name": "Avenue 579", "road_class": "residential", "lanes": 1, "speed_limit_kmh": null, "surface": "asphalt", "aadt": 1118, "segment_no": 1, "length_m": 1066.7, "oneway": false }, "geometry": { "type": "LineString", "coordinates": [ [ 13.891159723597278, 41.813374890358844 ], [ 13.903999604748769, 41.813498127091314 ] ] } },
{ "type": "Feature", "properties": { "road_id": "R00495", "name": "Avenue 579", "road_class": "residential", "lanes": 1, "speed_limit_kmh": null, "surface": "asphalt", "aadt": 1118, "segment_no": 2, "length_m": 1066.7, "oneway": false }, "geometry": { "type": "LineString", "coordinates": [ [ 13.903999604748769, 41.813498127091314 ], [ 13.916839565531907, 41.813619928943588 ] ] } },
{ "type": "Feature", "properties": { "road_id": "R00496", "name": "Avenue 579", "road_class": "residential", "lanes": 1, "speed_limit_kmh": null, "surface": "asphalt", "aadt": 1118, "segment_no": 3, "length_m": 1066.7, "oneway": false }, "geometry": { "type": "LineString", "coordinates": [ [ 13.916839565531907, 41.813619928943588 ], [ 13.929679605014647, 41.813740295890582 ] ] } },
{ "type": "Feature", "properties": { "road_id": "R00497", "name": "Street 790", "road_class": "residential", "lanes": 1, "speed_limit_kmh": null, "surface": "asphalt", "aadt": 1458, "segment_no": 1, "length_m": 1000.0, "oneway": false }, "geometry": { "type": "LineString", "coordinates": [ [ 14.153625925704807, 41.629614429520601 ], [ 14.153508091732872, 41.638620688038628 ] ] } },
{ "type": "Feature", "properties": { "road_id": "R00498", "name": "Street 790", "road_class": "residential", "lanes": 1, "speed_limit_kmh": null, "surface": "asphalt", "aadt": 1458, "segment_no": 2, "length_m": 1000.0, "oneway": false }, "geometry": { "type": "LineString", "coordinates": [ [ 14.153508091732872, 41.638620688038628 ], [ 14.153390204104316, 41.647626932123742 ] ] } },
{ "type": "Feature", "properties": { "road_id": "R00499", "name": "Street 790", "road_class": "residential", "lanes": 1, "speed_limit_kmh": null, "surface": "asphalt", "aadt": 1458, "segment_no": 3, "length_m": 1000.0, "oneway": false }, "geometry": { "type": "LineString", "coordinates": [ [ 14.153390204104316, 41.647626932123742 ], [ 14.153272262790962, 41.656633161775275 ] ] } },
{ "type": "Feature", "properties": { "road_id": "R00500", "name": "Street 343", "road_class": "residential", "lanes": 1, "speed_limit_kmh": null, "surface": "asphalt", "aadt": 670, "segment_no": 1, "length_m": 1000.0, "oneway": false }, "geometry": { "type": "LineString", "coordinates": [ [ 14.160228158865385, 41.629662852845485 ], [ 14.160111243805801, 41.638669126593292 ] ] } },
{ "type": "Feature", "properties": { "road_id": "R00501", "name": "Street 343", "road_class": "residential", "lanes": 1, "speed_limit_kmh": null, "surface": "asphalt", "aadt": 670, "segment_no": 2, "length_m": 1000.0, "oneway": false }, "geometry": { "type": "LineString", "coordinates": [ [ 14.160111243805801, 41.638669126593292 ], [ 14.159994275507922, 41.647675385912393 ] ] } },
{ "type": "Feature", "properties": { "road_id": "R00502", "name": "Street 343", "road_class": "residential", "lanes": 1, "speed_limit_kmh": null, "surface": "asphalt", "aadt": 670, "segment_no": 3, "length_m": 1000.0, "oneway": false }, "geometry": { "type": "LineString", "coordinates": [ [ 14.159994275507922, 41.647675385912393 ], [ 14.159877253943785, 41.656681630802105 ] ] } },
{ "type": "Feature", "properties": { "road_id": "R00503", "name": "Street 893", "road_class": "residential", "lanes": 1, "speed_limit_kmh": null, "surface": "asphalt", "aadt": 2470, "segment_no": 1, "length_m": 1000.0, "oneway": false }, "geometry": { "type": "LineString", "coordinates": [ [ 14.166830408122095, 41.629710897031401 ], [ 14.166714411983314, 41.638717185889789 ] ] } },
{ "type": "Feature", "properties": { "road_id": "R00504", "name": "Street 893", "road_class": "residential", "lanes": 1, "speed_limit_kmh": null, "surface": "asphalt", "aadt": 2470, "segment_no": 2, "length_m": 1000.0, "oneway": false }, "geometry": { "type": "LineString", "coordinates": [ [ 14.166714411983314, 41.638717185889789 ], [ 14.166598363024566, 41.647723460323618 ] ] } },
{ "type": "Feature", "properties": { "road_id": "R00505", "name": "Street 893", "road_class": "residential", "lanes": 1, "speed_limit_kmh": null, "surface": "asphalt", "aadt": 2470, "segment_no": 3, "length_m": 1000.0, "oneway": false }, "geometry": { "type": "LineString", "coordinates": [ [ 14.166598363024566, 41.647723460323618 ], [ 14.166482261218112, 41.65672972033223 ] ] } },
{ "type": "Feature", "properties": { "road_id": "R00506", "name": "Street 446", "road_class": "residential", "lanes": 1, "speed_limit_kmh": null, "surface": "asphalt", "aadt": 2094, "segment_no": 1, "length_m": 1000.0, "oneway": false }, "geometry": { "type": "LineString", "coordinates": [ [ 14.17343267334846, 41.629758562075772 ], [ 14.173317596138867, 41.638764865925516 ] ] } },
{ "type": "Feature", "properties": { "road_id": "R00507", "name": "Street 446", "road_class": "residential", "lanes": 1, "speed_limit_kmh": null, "surface": "asphalt", "aadt": 2094, "segment_no": 2, "length_m": 1000.0, "oneway": false }, "geometry": { "type": "LineString", "coordinates": [ [ 14.173317596138867, 41.638764865925516 ], [ 14.173202466527643, 41.64777115535481 ] ] } },
{ "type": "Feature", "properties": { "road_id": "R00508", "name": "Street 446", "road_class": "residential", "lanes": 1, "speed_limit_kmh": null, "surface": "asphalt", "aadt": 2094, "segment_no": 3, "length_m": 1000.0, "oneway": false }, "geometry": { "type": "LineString", "coordinates": [ [ 14.173202466527643, 41.64777115535481 ], [ 14.17308728448727, 41.656777430363029 ] ] } },
{ "type": "Feature", "properties": { "road_id": "R00509", "name": "Street 996", "road_class": "residential", "lanes": 1, "speed_limit_kmh": null, "surface": "asphalt", "aadt": 826, "segment_no": 1, "length_m": 1000.0, "oneway": false }, "geometry": { "type": "LineString", "coordinates": [ [ 14.180034954417998, 41.629805847975987 ], [ 14.179920796145911, 41.638812166697853 ] ] } },
{ "type": "Feature", "properties": { "road_id": "R00510", "name": "Street 996", "road_class": "residential", "lanes": 1, "speed_limit_kmh": null, "surface": "asphalt", "aadt": 826, "segment_no": 2, "length_m": 1000.0, "oneway": false }, "geometry": { "type": "LineString", "coordinates": [ [ 14.179920796145911, 41.638812166697853 ], [ 14.179806585890537, 41.647818471003376 ] ] } },
{ "type": "Feature", "properties": { "road_id": "R00511", "name": "Street 996", "road_class": "residential", "lanes": 1, "speed_limit_kmh": null, "surface": "asphalt", "aadt": 826, "segment_no": 3, "length_m": 1000.0, "oneway": true }, "geometry": { "type": "LineString", "coordinates": [ [ 14.179806585890537, 41.647818471003376 ], [ 14.179692323624574, 41.656824760891908 ] ] } },
{ "type": "Feature", "properties": { "road_id": "R00512", "name": "Street 549", "road_class": "residential", "lanes": 1, "speed_limit_kmh": null, "surface": "asphalt", "aadt": 680, "segment_no": 1, "length_m": 1000.0, "oneway": false }, "geometry": { "type": "LineString", "coordinates": [ [ 14.18663725120423, 41.629852754729477 ], [ 14.186524011877902, 41.638859088204228 ] ] } },
{ "type": "Feature", "properties": { "road_id": "R00513", "name": "Street 549", "road_class": "residential", "lanes": 1, "speed_limit_kmh": null, "surface": "asphalt", "aadt": 680, "segment_no": 2, "length_m": 1000.0, "oneway": true }, "geometry": { "type": "LineString", "coordinates": [ [ 14.186524011877902, 41.638859088204228 ], [ 14.186410720986633, 41.647865407266714 ] ] } },
{ "type": "Feature", "properties": { "road_id": "R00514", "name": "Street 549", "road_class": "residential", "lanes": 1, "speed_limit_kmh": null, "surface": "asphalt", "aadt": 680, "segment_no": 3, "length_m": 1000.0, "oneway": false }, "geometry": { "type": "LineString", "coordinates": [ [ 14.186410720986633, 41.647865407266714 ], [ 14.186297378503346, 41.656871711916267 ] ] } },
{ "type": "Feature", "properties": { "road_id": "R00515", "name": "Avenue 866", "road_class": "residential", "lanes": 1, "speed_limit_kmh": null, "surface": "asphalt", "aadt": 1123, "segment_no": 1, "length_m": 1000.0, "oneway": false }, "geometry": { "type": "LineString", "coordinates": [ [ 14.153625925704807, 41.629614429520601 ], [ 14.165629997974799, 41.629702189925403 ] ] } },
{ "type": "Feature", "properties": { "road_id": "R00516", "name": "Avenue 866", "road_class": "residential", "lanes": 1, "speed_limit_kmh": null, "surface": "asphalt", "aadt": 1123, "segment_no": 2, "length_m": 1000.0, "oneway": false }, "geometry": { "type": "LineString", "coordinates": [ [ 14.165629997974799, 41.629702189925403 ], [ 14.177634123113055, 41.629788696971268 ] ] } },
{ "type": "Feature", "properties": { "road_id": "R00517", "name": "Avenue 866", "road_class": "residential", "lanes": 1, "speed_limit_kmh": null, "surface": "asphalt", "aadt": 1123, "segment_no": 3, "length_m": 1000.0, "oneway": false }, "geometry": { "type": "LineString", "coordinates": [ [ 14.177634123113055, 41.629788696971268 ], [ 14.189638300359361, 41.62987395064259 ] ] } },
{ "type": "Feature", "properties": { "road_id": "R00518", "name": "Avenue 419", "road_class": "residential", "lanes": 1, "speed_limit_kmh": null, "surface": "asphalt", "aadt": 772, "segment_no": 1, "length_m": 1000.0, "oneway": false }, "geometry": { "type": "LineString", "coordinates": [ [ 14.153561123658564, 41.634567873491555 ], [ 14.165566114750268, 41.634655649076429 ] ] } },
{ "type": "Feature", "properties": { "road_id": "R00519", "name": "Avenue 419", "road_class": "residential", "lanes": 1, "speed_limit_kmh": null, "surface": "asphalt", "aadt": 772, "segment_no": 2, "length_m": 1000.0, "oneway": true }, "geometry": { "type": "LineString", "coordinates": [ [ 14.165566114750268, 41.634655649076429 ], [ 14.177571158725499, 41.63474217108562 ] ] } },
{ "type": "Feature", "properties": { "road_id": "R00520", "name": "Avenue 419", "road_class": "residential", "lanes": 1, "speed_limit_kmh": null, "surface": "asphalt", "aadt": 772, "segment_no": 3, "length_m": 1000.0, "oneway": false }, "geometry": { "type": "LineString", "coordinates": [ [ 14.177571158725499, 41.63474217108562 ], [ 14.189576254823827, 41.634827439503511 ] ] } },
{ "type": "Feature", "properties": { "road_id": "R00521", "name": "Avenue 969", "road_class": "residential", "lanes": 1, "speed_limit_kmh": null, "surface": "asphalt", "aadt": 822, "segment_no": 1, "length_m": 1000.0, "oneway": false }, "geometry": { "type": "LineString", "coordinates": [ [ 14.153496305385028, 41.639521313096644 ], [ 14.165502215528468, 41.63960910386389 ] ] } },
{ "type": "Feature", "properties": { "road_id": "R00522", "name": "Avenue 969", "road_class": "residential", "lanes": 1, "speed_limit_kmh": null, "surface": "asphalt", "aadt": 822, "segment_no": 2, "length_m": 1000.0, "oneway": false }, "geometry": { "type": "LineString", "coordinates": [ [ 14.165502215528468, 41.63960910386389 ], [ 14.177508178570706, 41.639695640838667 ] ] } },
{ "type": "Feature", "properties": { "road_id": "R00523", "name": "Avenue 969", "road_class": "residential", "lanes": 1, "speed_limit_kmh": null, "surface": "asphalt", "aadt": 822, "segment_no": 3, "length_m": 1000.0, "oneway": false }, "geometry": { "type": "LineString", "coordinates": [ [ 14.177508178570706, 41.639695640838667 ], [ 14.189514193751091, 41.639780924005372 ] ] } },
{ "type": "Feature", "properties": { "road_id": "R00524", "name": "Avenue 522", "road_class": "residential", "lanes": 1, "speed_limit_kmh": null, "surface": "asphalt", "aadt": 1402, "segment_no": 1, "length_m": 1000.0, "oneway": false }, "geometry": { "type": "LineString", "coordinates": [ [ 14.153431470879513, 41.644474748335739 ], [ 14.16543830030478, 41.644562554287674 ] ] } },
{ "type": "Feature", "properties": { "road_id": "R00525", "name": "Avenue 522", "road_class": "residential", "lanes": 1, "speed_limit_kmh": null, "surface": "asphalt", "aadt": 1402, "segment_no": 2, "length_m": 1000.0, "oneway": false }, "geometry": { "type": "LineString", "coordinates": [ [ 14.16543830030478, 41.644562554287674 ], [ 14.177445182644123, 41.644649106230311 ] ] } },
{ "type": "Feature", "properties": { "road_id": "R00526", "name": "Avenue 522", "road_class": "residential", "lanes": 1, "speed_limit_kmh": null, "surface": "asphalt", "aadt": 1402, "segment_no": 3, "length_m": 1000.0, "oneway": false }, "geometry": { "type": "LineString", "coordinates": [ [ 14.177445182644123, 41.644649106230311 ], [ 14.189452117136671, 41.644734404148032 ] ] } },
{ "type": "Feature", "properties": { "road_id": "R00527", "name": "Avenue 75", "road_class": "residential", "lanes": 1, "speed_limit_kmh": null, "surface": "asphalt", "aadt": 1339, "segment_no": 1, "length_m": 1000.0, "oneway": false }, "geometry": { "type": "LineString", "coordinates": [ [ 14.153366620137332, 41.649428179208762 ], [ 14.165374369074584, 41.649516000347681 ] ] } },
{ "type": "Feature", "properties": { "road_id": "R00528", "name": "Avenue 75", "road_class": "residential", "lanes": 1, "speed_limit_kmh": null, "surface": "asphalt", "aadt": 1339, "segment_no": 2, "length_m": 1000.0, "oneway": false }, "geometry": { "type": "LineString", "coordinates": [ [ 14.165374369074584, 41.649516000347681 ], [ 14.177382170941195, 41.649602567260438 ] ] } },
{ "type": "Feature", "properties": { "road_id": "R00529", "name": "Avenue 75", "road_class": "residential", "lanes": 1, "speed_limit_kmh": null, "surface": "asphalt", "aadt": 1339, "segment_no": 3, "length_m": 1000.0, "oneway": false }, "geometry": { "type": "LineString", "coordinates": [ [ 14.177382170941195, 41.649602567260438 ], [ 14.189390024976076, 41.649687879931413 ] ] } },
{ "type": "Feature", "properties": { "road_id": "R00530", "name": "Avenue 625", "road_class": "residential", "lanes": 1, "speed_limit_kmh": null, "surface": "asphalt", "aadt": 1891, "segment_no": 1, "length_m": 1000.0, "oneway": false }, "geometry": { "type": "LineString", "coordinates": [ [ 14.153301753153793, 41.654381605715585 ], [ 14.165310421833254, 41.654469442043776 ] ] } },
{ "type": "Feature", "properties": { "road_id": "R00531", "name": "Avenue 625", "road_class": "residential", "lanes": 1, "speed_limit_kmh": null, "surface": "asphalt", "aadt": 1891, "segment_no": 2, "length_m": 1000.0, "oneway": false }, "geometry": { "type": "LineString", "coordinates": [ [ 14.165310421833254, 41.654469442043776 ], [ 14.177319143457366, 41.654556023928912 ] ] } },
{ "type": "Feature", "properties": { "road_id": "R00532", "name": "Avenue 625", "road_class": "residential", "lanes": 1, "speed_limit_kmh": null, "surface": "asphalt", "aadt": 1891, "segment_no": 3, "length_m": 1000.0, "oneway": false }, "geometry": { "type": "LineString", "coordinates": [ [ 14.177319143457366, 41.654556023928912 ], [ 14.189327917264816, 41.654641351355423 ] ] } },
{ "type": "Feature", "properties": { "road_id": "R00533", "name": "Track 0-10", "road_class": "track", "lanes": 1, "speed_limit_kmh": 30.0, "surface": "dirt", "aadt": 249, "segment_no": 1, "length_m": 939.5, "oneway": false }, "geometry": { "type": "LineString", "coordinates": [ [ 14.255681765439993, 41.827833208244556 ], [ 14.249460358801544, 41.827825811688683 ], [ 14.244395904638189, 41.828219301178692 ] ] } },
{ "type": "Feature", "properties": { "road_id": "R00534", "name": "Track 0-10", "road_class": "track", "lanes": 1, "speed_limit_kmh": 30.0, "surface": "dirt", "aadt": 249, "segment_no": 2, "length_m": 939.5, "oneway": false }, "geometry": { "type": "LineString", "coordinates": [ [ 14.244395904638189, 41.828219301178692 ], [ 14.24306843338486, 41.828322403038243 ], [ 14.236806299282582, 41.828434629880689 ], [ 14.233121039281729, 41.828783465898134 ] ] } },
{ "type": "Feature", "properties": { "road_id": "R00535", "name": "Track 0-10", "road_class": "track", "lanes": 1, "speed_limit_kmh": 30.0, "surface": "dirt", "aadt": 249, "segment_no": 3, "length_m": 939.5, "oneway": true }, "geometry": { "type": "LineString", "coordinates": [ [ 14.233121039281729, 41.828783465898134 ], [ 14.230376095059441, 41.829043214930003 ], [ 14.224325975708661, 41.828528066056151 ], [ 14.222415360817759, 41.827372426356646 ] ] } },
{ "type": "Feature", "properties": { "road_id": "R00536", "name": "Track 0-10", "road_class": "track", "lanes": 1, "speed_limit_kmh": 30.0, "surface": "dirt", "aadt": 249, "segment_no": 4, "length_m": 939.5, "oneway": false }, "geometry": { "type": "LineString", "coordinates": [ [ 14.222415360817759, 41.827372426356646 ], [ 14.219159405375963, 41.825402885966753 ], [ 14.214240576626437, 41.821547239349762 ] ] } },
{ "type": "Feature", "properties": { "road_id": "R00537", "name": "Track 0-28", "road_class": "track", "lanes": 1, "speed_limit_kmh": 30.0, "surface": "dirt", "aadt": 225, "segment_no": 1, "length_m": 1115.0, "oneway": false }, "geometry": { "type": "LineString", "coordinates": [ [ 14.25580452152191, 41.827569491302974 ], [ 14.26255228876693, 41.832505426656553 ], [ 14.265071493131753, 41.834818254355156 ] ] } },
{ "type": "Feature", "properties": { "road_id": "R00538", "name": "Track 0-28", "road_class": "track", "lanes": 1, "speed_limit_kmh": 30.0, "surface": "dirt", "aadt": 225, "segment_no": 2, "length_m": 1115.0, "oneway": false }, "geometry": { "type": "LineString", "coordinates": [ [ 14.265071493131753, 41.834818254355156 ], [ 14.268583575883962, 41.838042253856081 ], [ 14.274102158790132, 41.842236320324069 ] ] } },
{ "type": "Feature", "properties": { "road_id": "R00539", "name": "Track 0-28", "road_class": "track", "lanes": 1, "speed_limit_kmh": 30.0, "surface": "dirt", "aadt": 225, "segment_no": 3, "length_m": 1115.0, "oneway": false }, "geometry": { "type": "LineString", "coordinates": [ [ 14.274102158790132, 41.842236320324069 ], [ 14.275211697476077, 41.843079460541695 ], [ 14.283744755753546, 41.846520537915822 ], [ 14.285321804180368, 41.847616980162726 ] ] } },
{ "type": "Feature", "properties": { "road_id": "R00540", "name": "Track 0-28", "road_class": "track", "lanes": 1, "speed_limit_kmh": 30.0, "surface": "dirt", "aadt": 225, "segment_no": 4, "length_m": 1115.0, "oneway": false }, "geometry": { "type": "LineString", "coordinates": [ [ 14.285321804180368, 41.847616980162726 ], [ 14.290653485244135, 41.851323392862717 ], [ 14.293446344093782, 41.855421154727779 ] ] } },
{ "type": "Feature", "properties": { "road_id": "R00541", "name": "Track 0-28", "road_class": "track", "lanes": 1, "speed_limit_kmh": 30.0, "surface": "dirt", "aadt": 225, "segment_no": 5, "length_m": 1115.0, "oneway": false }, "geometry": { "type": "LineString", "coordinates": [ [ 14.293446344093782, 41.855421154727779 ], [ 14.295249037587572, 41.858065805971755 ], [ 14.302787806120946, 41.862341555798125 ] ] } },
{ "type": "Feature", "properties": { "road_id": "R00542", "name": "Track 1-5", "road_class": "track", "lanes": 1, "speed_limit_kmh": 30.0, "surface": "dirt", "aadt": 223, "segment_no": 1, "length_m": 1047.5, "oneway": false }, "geometry": { "type": "LineString", "coordinates": [ [ 14.090750420060834, 41.84711040857291 ], [ 14.100782480685748, 41.850035626383878 ], [ 14.102438342443911, 41.850652439111172 ] ] } },
{ "type": "Feature", "properties": { "road_id": "R00543", "name": "Track 1-5", "road_class": "track", "lanes": 1, "speed_limit_kmh": 30.0, "surface": "dirt", "aadt": 223, "segment_no": 2, "length_m": 1047.5, "oneway": false }, "geometry": { "type": "LineString", "coordinates": [ [ 14.102438342443911, 41.850652439111172 ], [ 14.110480428139279, 41.853647630257498 ], [ 14.113932426539099, 41.854496773120111 ] ] } },
{ "type": "Feature", "properties": { "road_id": "R00544", "name": "Track 1-5", "road_class": "track", "lanes": 1, "speed_limit_kmh": 30.0, "surface": "dirt", "aadt": 223, "segment_no": 3, "length_m": 1047.5, "oneway": false }, "geometry": { "type": "LineString", "coordinates": [ [ 14.113932426539099, 41.854496773120111 ], [ 14.120712622991558, 41.85616423932828 ], [ 14.125888443572242, 41.857514164327206 ] ] } },
{ "type": "Feature", "properties": { "road_id": "R00545", "name": "Track 1-5", "road_class": "track", "lanes": 1, "speed_limit_kmh": 30.0, "surface": "dirt", "aadt": 223, "segment_no": 4, "length_m": 1047.5, "oneway": false }, "geometry": { "type": "LineString", "coordinates": [ [ 14.125888443572242, 41.857514164327206 ], [ 14.130879561132893, 41.858815642343032 ], [ 14.137258421747417, 41.861521161642855 ] ] } },
{ "type": "Feature", "properties": { "road_id": "R00546", "name": "Track 1-5", "road_class": "track", "lanes": 1, "speed_limit_kmh": 30.0, "surface": "dirt", "aadt": 223, "segment_no": 5, "length_m": 1047.5, "oneway": false }, "geometry": { "type": "LineString", "coordinates": [ [ 14.137258421747417, 41.861521161642855 ], [ 14.140376863301148, 41.862843601039543 ], [ 14.148598508871821, 41.865645258179647 ] ] } },
{ "type": "Feature", "properties": { "road_id": "R00547", "name": "Track 1-5", "road_class": "track", "lanes": 1, "speed_limit_kmh": 30.0, "surface": "dirt", "aadt": 223, "segment_no": 6, "length_m": 1047.5, "oneway": false }, "geometry": { "type": "LineString", "coordinates": [ [ 14.148598508871821, 41.865645258179647 ], [ 14.150205336623136, 41.866192713394284 ], [ 14.160794835007799, 41.867978729919457 ] ] } },
{ "type": "Feature", "properties": { "road_id": "R00548", "name": "Track 1-17", "road_class": "track", "lanes": 1, "speed_limit_kmh": 30.0, "surface": "dirt", "aadt": 291, "segment_no": 1, "length_m": 1116.4, "oneway": false }, "geometry": { "type": "LineString", "coordinates": [ [ 14.090098595331435, 41.847651716936632 ], [ 14.089412084734903, 41.840509413215351 ], [ 14.089448870542927, 41.837615945572502 ] ] } },
{ "type": "Feature", "properties": { "road_id": "R00549", "name": "Track 1-17", "road_class": "track", "lanes": 1, "speed_limit_kmh": 30.0, "surface": "dirt", "aadt": 291, "segment_no": 2, "length_m": 1116.4, "oneway": false }, "geometry": { "type": "LineString", "coordinates": [ [ 14.089448870542927, 41.837615945572502 ], [ 14.089503578811135, 41.833311926249223 ], [ 14.088886034238142, 41.827580376570708 ] ] } },
{ "type": "Feature", "properties": { "road_id": "R00550", "name": "Track 1-17", "road_class": "track", "lanes": 1, "speed_limit_kmh": 30.0, "surface": "dirt", "aadt": 291, "segment_no": 3, "length_m": 1116.4, "oneway": false }, "geometry": { "type": "LineString", "coordinates": [ [ 14.088886034238142, 41.827580376570708 ], [ 14.088734677513347, 41.826175461290106 ], [ 14.086728948605376, 41.819126723168623 ], [ 14.086332244845112, 41.817719416315732 ] ] } },
{ "type": "Feature", "properties": { "road_id": "R00551", "name": "Track 1-17", "road_class": "track", "lanes": 1, "speed_limit_kmh": 30.0, "surface": "dirt", "aadt": 291, "segment_no": 4, "length_m": 1116.4, "oneway": false }, "geometry": { "type": "LineString", "coordinates": [ [ 14.086332244845112, 41.817719416315732 ], [ 14.084741789478342, 41.812076659217702 ], [ 14.084432112376655, 41.807795384952151 ] ] } },
{ "type": "Feature", "properties": { "road_id": "R00552", "name": "Track 1-17", "road_class": "track", "lanes": 1, "speed_limit_kmh": 30.0, "surface": "dirt", "aadt": 291, "segment_no": 5, "length_m": 1116.4, "oneway": false }, "geometry": { "type": "LineString", "coordinates": [ [ 14.084432112376655, 41.807795384952151 ], [ 14.084224318878803, 41.804922365342726 ], [ 14.084002086105778, 41.797747128507929 ] ] } },
{ "type": "Feature", "properties": { "road_id": "R00553", "name": "Track 1-26", "road_class": "track", "lanes": 1, "speed_limit_kmh": 30.0, "surface": "dirt", "aadt": 139, "segment_no": 1, "length_m": 1039.0, "oneway": false }, "geometry": { "type": "LineString", "coordinates": [ [ 14.089456318095845, 41.848341556874729 ], [ 14.082976177510465, 41.843976865869728 ], [ 14.081244207270837, 41.841453776318886 ] ] } },
{ "type": "Feature", "properties": { "road_id": "R00554", "name": "Track 1-26", "road_class": "track", "lanes": 1, "speed_limit_kmh": 30.0, "surface": "dirt", "aadt": 139, "segment_no": 2, "length_m": 1039.0, "oneway": false }, "geometry": { "type": "LineString", "coordinates": [ [ 14.081244207270837, 41.841453776318886 ], [ 14.078862833453032, 41.837984289556523 ], [ 14.076092966778679, 41.83293506998659 ] ] } },
{ "type": "Feature", "properties": { "road_id": "R00555", "name": "Track 1-26", "road_class": "track", "lanes": 1, "speed_limit_kmh": 30.0, "surface": "dirt", "aadt": 139, "segment_no": 3, "length_m": 1039.0, "oneway": true }, "geometry": { "type": "LineString", "coordinates": [ [ 14.076092966778679, 41.83293506998659 ], [ 14.075349367255518, 41.831579409767578 ], [ 14.070252052443475, 41.82626449718471 ], [ 14.069327485472991, 41.825103590499317 ] ] } },
{ "type": "Feature", "properties": { "road_id": "R00556", "name": "Track 1-26", "road_class": "track", "lanes": 1, "speed_limit_kmh": 30.0, "surface": "dirt", "aadt": 139, "segment_no": 4, "length_m": 1039.0, "oneway": false }, "geometry": { "type": "LineString", "coordinates": [ [ 14.069327485472991, 41.825103590499317 ], [ 14.065713624016615, 41.820565476457261 ], [ 14.061950403196484, 41.817618776102947 ] ] } },
{ "type": "Feature", "properties": { "road_id": "R00557", "name": "Track 1-26", "road_class": "track", "lanes": 1, "speed_limit_kmh": 30.0, "surface": "dirt", "aadt": 139, "segment_no": 5, "length_m": 1039.0, "oneway": false }, "geometry": { "type": "LineString", "coordinates": [ [ 14.061950403196484, 41.817618776102947 ], [ 14.059717086465826, 41.815869845647292 ], [ 14.05143439642692, 41.812746925628147 ] ] } },
{ "type": "Feature", "properties": { "road_id": "R00558", "name": "Track 2-11", "road_class": "track", "lanes": 1, "speed_limit_kmh": 30.0, "surface": "dirt", "aadt": 157, "segment_no": 1, "length_m": 1099.4, "oneway": false }, "geometry": { "type": "LineString", "coordinates": [ [ 13.891464480969995, 41.774626144987977 ], [ 13.900605309165192, 41.779863074700195 ], [ 13.902190445035373, 41.78035716766626 ] ] } },
{ "type": "Feature", "properties": { "road_id": "R00559", "name": "Track 2-11", "road_class": "track", "lanes": 1, "speed_limit_kmh": 30.0, "surface": "dirt", "aadt": 157, "segment_no": 2, "length_m": 1099.4, "oneway": false }, "geometry": { "type": "LineString", "coordinates": [ [ 13.902190445035373, 41.78035716766626 ], [ 13.910930520085422, 41.783080956056757 ], [ 13.914635656637186, 41.783566940056062 ] ] } },
{ "type": "Feature", "properties": { "road_id": "R00560", "name": "Track 2-11", "road_class": "track", "lanes": 1, "speed_limit_kmh": 30.0, "surface": "dirt", "aadt": 157, "segment_no": 3, "length_m": 1099.4, "oneway": false }, "geometry": { "type": "LineString", "coordinates": [ [ 13.914635656637186, 41.783566940056062 ], [ 13.922270326987883, 41.784567942056185 ], [ 13.927500493318647, 41.785788695526179 ] ] } },
{ "type": "Feature", "properties": { "road_id": "R00561", "name": "Track 2-11", "road_class": "track", "lanes": 1, "speed_limit_kmh": 30.0, "surface": "dirt", "aadt": 157, "segment_no": 4, "length_m": 1099.4, "oneway": false }, "geometry": { "type": "LineString", "coordinates": [ [ 13.927500493318647, 41.785788695526179 ], [ 13.933012629020066, 41.787074955634665 ], [ 13.939205538681239, 41.790182859097129 ] ] } },
{ "type": "Feature", "properties": { "road_id": "R00562", "name": "Track 2-11", "road_class": "track", "lanes": 1, "speed_limit_kmh": 30.0, "surface": "dirt", "aadt": 157, "segment_no": 5, "length_m": 1099.4, "oneway": false }, "geometry": { "type": "LineString", "coordinates": [ [ 13.939205538681239, 41.790182859097129 ], [ 13.942450108175441, 41.791810890172748 ], [ 13.950829789175421, 41.794872202198036 ] ] } },
{ "type": "Feature", "properties": { "road_id": "R00563", "name": "Track 2-11", "road_class": "track", "lanes": 1, "speed_limit_kmh": 30.0, "surface": "dirt", "aadt": 157, "segment_no": 6, "length_m": 1099.4, "oneway": false }, "geometry": { "type": "LineString", "coordinates": [ [ 13.950829789175421, 41.794872202198036 ], [ 13.952509674308919, 41.795485799117891 ], [ 13.963557847884884, 41.797472565385931 ] ] } },
{ "type": "Feature", "properties": { "road_id": "R00564", "name": "Track 2-22", "road_class": "track", "lanes": 1, "speed_limit_kmh": 30.0, "surface": "dirt", "aadt": 100, "segment_no": 1, "length_m": 1169.0, "oneway": false }, "geometry": { "type": "LineString", "coordinates": [ [ 13.892667659868266, 41.773049216074696 ], [ 13.903880281510792, 41.76980893724825 ], [ 13.905790561834651, 41.769264399426078 ] ] } },
{ "type": "Feature", "properties": { "road_id": "R00565", "name": "Track 2-22", "road_class": "track", "lanes": 1, "speed_limit_kmh": 30.0, "surface": "dirt", "aadt": 100, "segment_no": 2, "length_m": 1169.0, "oneway": false }, "geometry": { "type": "LineString", "coordinates": [ [ 13.905790561834651, 41.769264399426078 ], [ 13.915111393018012, 41.766606844193554 ], [ 13.919100664519886, 41.765936715934394 ] ] } },
{ "type": "Feature", "properties": { "road_id": "R00566", "name": "Track 2-22", "road_class": "track", "lanes": 1, "speed_limit_kmh": 30.0, "surface": "dirt", "aadt": 100, "segment_no": 3, "length_m": 1169.0, "oneway": false }, "geometry": { "type": "LineString", "coordinates": [ [ 13.919100664519886, 41.765936715934394 ], [ 13.926947378405966, 41.764618157719994 ], [ 13.932694103419353, 41.763275903521318 ] ] } },
{ "type": "Feature", "properties": { "road_id": "R00567", "name": "Track 2-22", "road_class": "track", "lanes": 1, "speed_limit_kmh": 30.0, "surface": "dirt", "aadt": 100, "segment_no": 4, "length_m": 1169.0, "oneway": false }, "geometry": { "type": "LineString", "coordinates": [ [ 13.932694103419353, 41.763275903521318 ], [ 13.938436313213414, 41.761934359035273 ], [ 13.945536802539992, 41.759101143980729 ] ] } },
{ "type": "Feature", "properties": { "road_id": "R00568", "name": "Track 2-22", "road_class": "track", "lanes": 1, "speed_limit_kmh": 30.0, "surface": "dirt", "aadt": 100, "segment_no": 5, "length_m": 1169.0, "oneway": true }, "geometry": { "type": "LineString", "coordinates": [ [ 13.945536802539992, 41.759101143980729 ], [ 13.949133570677963, 41.757665707903882 ], [ 13.958311413634013, 41.754722021681118 ] ] } },
{ "type": "Feature", "properties": { "road_id": "R00569", "name": "Track 2-22", "road_class": "track", "lanes": 1, "speed_limit_kmh": 30.0, "surface": "dirt", "aadt": 100, "segment_no": 6, "length_m": 1169.0, "oneway": false }, "geometry": { "type": "LineString", "coordinates": [ [ 13.958311413634013, 41.754722021681118 ], [ 13.960190594372742, 41.754119171837296 ], [ 13.971444435272213, 41.750967882456642 ] ] } },
{ "type": "Feature", "properties": { "road_id": "R00570", "name": "Track 3-33", "road_class": "track", "lanes": 1, "speed_limit_kmh": 30.0, "surface": "dirt", "aadt": 123, "segment_no": 1, "length_m": 1052.7, "oneway": false }, "geometry": { "type": "LineString", "coordinates": [ [ 14.106440831175281, 41.729787927694176 ], [ 14.097833051215607, 41.725296484729483 ], [ 14.09578322056411, 41.724773074962215 ] ] } },
{ "type": "Feature", "properties": { "road_id": "R00571", "name": "Track 3-33", "road_class": "track", "lanes": 1, "speed_limit_kmh": 30.0, "surface": "dirt", "aadt": 123, "segment_no": 2, "length_m": 1052.7, "oneway": false }, "geometry": { "type": "LineString", "coordinates": [ [ 14.09578322056411, 41.724773074962215 ], [ 14.087516898500539, 41.722661872107075 ], [ 14.083747503232271, 41.721851742510722 ] ] } },
{ "type": "Feature", "properties": { "road_id": "R00572", "name": "Track 3-33", "road_class": "track", "lanes": 1, "speed_limit_kmh": 30.0, "surface": "dirt", "aadt": 123, "segment_no": 3, "length_m": 1052.7, "oneway": false }, "geometry": { "type": "LineString", "coordinates": [ [ 14.083747503232271, 41.721851742510722 ], [ 14.076880219574246, 41.720375436399124 ], [ 14.071916020896575, 41.718584206779802 ] ] } },
{ "type": "Feature", "properties": { "road_id": "R00573", "name": "Track 3-33", "road_class": "track", "lanes": 1, "speed_limit_kmh": 30.0, "surface": "dirt", "aadt": 123, "segment_no": 4, "length_m": 1052.7, "oneway": false }, "geometry": { "type": "LineString", "coordinates": [ [ 14.071916020896575, 41.718584206779802 ], [ 14.067316046854199, 41.716924120950772 ], [ 14.063018821268528, 41.712274981204708 ] ] } },
{ "type": "Feature", "properties": { "road_id": "R00574", "name": "Track 3-33", "road_class": "track", "lanes": 1, "speed_limit_kmh": 30.0, "surface": "dirt", "aadt": 123, "segment_no": 5, "length_m": 1052.7, "oneway": false }, "geometry": { "type": "LineString", "coordinates": [ [ 14.063018821268528, 41.712274981204708 ], [ 14.060933330840188, 41.710018405723446 ], [ 14.055714215564102, 41.704534285430015 ] ] } },
{ "type": "Feature", "properties": { "road_id": "R00575", "name": "Track 3-33", "road_class": "track", "lanes": 1, "speed_limit_kmh": 30.0, "surface": "dirt", "aadt": 123, "segment_no": 6, "length_m": 1052.7, "oneway": false }, "geometry": { "type": "LineString", "coordinates": [ [ 14.055714215564102, 41.704534285430015 ], [ 14.054458130478741, 41.703214248238311 ], [ 14.045724979724794, 41.698862907548488 ] ] } },
{ "type": "Feature", "properties": { "road_id": "R00576", "name": "Track 3-39", "road_class": "track", "lanes": 1, "speed_limit_kmh": 30.0, "surface": "dirt", "aadt": 287, "segment_no": 1, "length_m": 1010.7, "oneway": false }, "geometry": { "type": "LineString", "coordinates": [ [ 14.105956676342425, 41.730596023865075 ], [ 14.112415905984697, 41.736692352469447 ], [ 14.11351330766624, 41.737725635334627 ] ] } },
{ "type": "Feature", "properties": { "road_id": "R00577", "name": "Track 3-39", "road_class": "track", "lanes": 1, "speed_limit_kmh": 30.0, "surface": "dirt", "aadt": 287, "segment_no": 2, "length_m": 1010.7, "oneway": false }, "geometry": { "type": "LineString", "coordinates": [ [ 14.11351330766624, 41.737725635334627 ], [ 14.118885943116474, 41.742783733610651 ], [ 14.120781591475312, 41.745009265339554 ] ] } },
{ "type": "Feature", "properties": { "road_id": "R00578", "name": "Track 3-39", "road_class": "track", "lanes": 1, "speed_limit_kmh": 30.0, "surface": "dirt", "aadt": 287, "segment_no": 3, "length_m": 1010.7, "oneway": false }, "geometry": { "type": "LineString", "coordinates": [ [ 14.120781591475312, 41.745009265339554 ], [ 14.12444604242385, 41.749310888473268 ], [ 14.126574041172161, 41.752980662482322 ] ] } },
{ "type": "Feature", "properties": { "road_id": "R00579", "name": "Track 3-39", "road_class": "track", "lanes": 1, "speed_limit_kmh": 30.0, "surface": "dirt", "aadt": 287, "segment_no": 4, "length_m": 1010.7, "oneway": false }, "geometry": { "type": "LineString", "coordinates": [ [ 14.126574041172161, 41.752980662482322 ], [ 14.128616944995072, 41.756503262984253 ], [ 14.13101670676882, 41.761449881987232 ] ] } },
{ "type": "Feature", "properties": { "road_id": "R00580", "name": "Track 3-39", "road_class": "track", "lanes": 1, "speed_limit_kmh": 30.0, "surface": "dirt", "aadt": 287, "segment_no": 5, "length_m": 1010.7, "oneway": false }, "geometry": { "type": "LineString", "coordinates": [ [ 14.13101670676882, 41.761449881987232 ], [ 14.132234882326747, 41.763960596446687 ], [ 14.13639341965867, 41.769588921846506 ] ] } },
{ "type": "Feature", "properties": { "road_id": "R00581", "name": "Track 3-39", "road_class": "track", "lanes": 1, "speed_limit_kmh": 30.0, "surface": "dirt", "aadt": 287, "segment_no": 6, "length_m": 1010.7, "oneway": false }, "geometry": { "type": "LineString", "coordinates": [ [ 14.13639341965867, 41.769588921846506 ], [ 14.137250744847947, 41.770749119043629 ], [ 14.143653514462336, 41.776874066882549 ] ] } },
{ "type": "Feature", "properties": { "road_id": "R00582", "name": "Track 4-9", "road_class": "track", "lanes": 1, "speed_limit_kmh": 30.0, "surface": "dirt", "aadt": 361, "segment_no": 1, "length_m": 1134.4, "oneway": false }, "geometry": { "type": "LineString", "coordinates": [ [ 14.230896127637751, 41.773559477410579 ], [ 14.239455779812747, 41.767679382873055 ], [ 14.240816776432297, 41.766550859283726 ] ] } },
{ "type": "Feature", "properties": { "road_id": "R00583", "name": "Track 4-9", "road_class": "track", "lanes": 1, "speed_limit_kmh": 30.0, "surface": "dirt", "aadt": 361, "segment_no": 2, "length_m": 1134.4, "oneway": false }, "geometry": { "type": "LineString", "coordinates": [ [ 14.240816776432297, 41.766550859283726 ], [ 14.247270052686822, 41.761199105830613 ], [ 14.25017899336877, 41.759125403884113 ] ] } },
{ "type": "Feature", "properties": { "road_id": "R00584", "name": "Track 4-9", "road_class": "track", "lanes": 1, "speed_limit_kmh": 30.0, "surface": "dirt", "aadt": 361, "segment_no": 3, "length_m": 1134.4, "oneway": false }, "geometry": { "type": "LineString", "coordinates": [ [ 14.25017899336877, 41.759125403884113 ], [ 14.255682429492971, 41.7552015862803 ], [ 14.259935006822285, 41.751983507282645 ] ] } },
{ "type": "Feature", "properties": { "road_id": "R00585", "name": "Track 4-9", "road_class": "track", "lanes": 1, "speed_limit_kmh": 30.0, "surface": "dirt", "aadt": 361, "segment_no": 4, "length_m": 1134.4, "oneway": false }, "geometry": { "type": "LineString", "coordinates": [ [ 14.259935006822285, 41.751983507282645 ], [ 14.263858349407146, 41.749014142676188 ], [ 14.268409885821804, 41.744027582556043 ] ] } },
{ "type": "Feature", "properties": { "road_id": "R00586", "name": "Track 4-9", "road_class": "track", "lanes": 1, "speed_limit_kmh": 30.0, "surface": "dirt", "aadt": 361, "segment_no": 5, "length_m": 1134.4, "oneway": false }, "geometry": { "type": "LineString", "coordinates": [ [ 14.268409885821804, 41.744027582556043 ], [ 14.270576955235683, 41.741653051206661 ], [ 14.277353299655472, 41.736348846900455 ] ] } },
{ "type": "Feature", "properties": { "road_id": "R00587", "name": "Track 4-9", "road_class": "track", "lanes": 1, "speed_limit_kmh": 30.0, "surface": "dirt", "aadt": 361, "segment_no": 6, "length_m": 1134.4, "oneway": false }, "geometry": { "type": "LineString", "coordinates": [ [ 14.277353299655472, 41.736348846900455 ], [ 14.278618241763438, 41.735358567068111 ], [ 14.288596503533388, 41.73062529627385 ] ] } },
{ "type": "Feature", "properties": { "road_id": "R00588", "name": "Track 4-10", "road_class": "track", "lanes": 1, "speed_limit_kmh": 30.0, "surface": "dirt", "aadt": 113, "segment_no": 1, "length_m": 1078.9, "oneway": false }, "geometry": { "type": "LineString", "coordinates": [ [ 14.228368183848996, 41.772781779305447 ], [ 14.225378023181271, 41.779310200444058 ], [ 14.225344967799119, 41.782125950349695 ] ] } },
{ "type": "Feature", "properties": { "road_id": "R00589", "name": "Track 4-10", "road_class": "track", "lanes": 1, "speed_limit_kmh": 30.0, "surface": "dirt", "aadt": 113, "segment_no": 2, "length_m": 1078.9, "oneway": false }, "geometry": { "type": "LineString", "coordinates": [ [ 14.225344967799119, 41.782125950349695 ], [ 14.225294992335192, 41.786382228335214 ], [ 14.224567016119117, 41.791815845036204 ] ] } },
{ "type": "Feature", "properties": { "road_id": "R00590", "name": "Track 4-10", "road_class": "track", "lanes": 1, "speed_limit_kmh": 30.0, "surface": "dirt", "aadt": 113, "segment_no": 3, "length_m": 1078.9, "oneway": true }, "geometry": { "type": "LineString", "coordinates": [ [ 14.224567016119117, 41.791815845036204 ], [ 14.224368609131202, 41.793296585489642 ], [ 14.221126752089337, 41.799778068360993 ], [ 14.220464297515854, 41.800989068696403 ] ] } },
{ "type": "Feature", "properties": { "road_id": "R00591", "name": "Track 4-10", "road_class": "track", "lanes": 1, "speed_limit_kmh": 30.0, "surface": "dirt", "aadt": 113, "segment_no": 4, "length_m": 1078.9, "oneway": false }, "geometry": { "type": "LineString", "coordinates": [ [ 14.220464297515854, 41.800989068696403 ], [ 14.217609067650145, 41.80620799579539 ], [ 14.216540842663838, 41.810206920395451 ] ] } },
{ "type": "Feature", "properties": { "road_id": "R00592", "name": "Track 4-10", "road_class": "track", "lanes": 1, "speed_limit_kmh": 30.0, "surface": "dirt", "aadt": 113, "segment_no": 5, "length_m": 1078.9, "oneway": false }, "geometry": { "type": "LineString", "coordinates": [ [ 14.216540842663838, 41.810206920395451 ], [ 14.215805736495192, 41.812958502210407 ], [ 14.21447840830132, 41.819798043555991 ] ] } },
{ "type": "Feature", "properties": { "road_id": "R00593", "name": "Track 4-25", "road_class": "track", "lanes": 1, "speed_limit_kmh": 30.0, "surface": "dirt", "aadt": 59, "segment_no": 1, "length_m": 934.1, "oneway": false }, "geometry": { "type": "LineString", "coordinates": [ [ 14.230461957081806, 41.773196997880028 ], [ 14.233049383051577, 41.770196528299024 ], [ 14.236090851411682, 41.767465438191273 ], [ 14.237566789714807, 41.766807306060898 ] ] } },
{ "type": "Feature", "properties": { "road_id": "R00594", "name": "Track 4-25", "road_class": "track", "lanes": 1, "speed_limit_kmh": 30.0, "surface": "dirt", "aadt": 59, "segment_no": 2, "length_m": 934.1, "oneway": false }, "geometry": { "type": "LineString", "coordinates": [ [ 14.237566789714807, 41.766807306060898 ], [ 14.240455452320287, 41.765519134886446 ], [ 14.243638676713976, 41.762872226786563 ], [ 14.245027737806994, 41.760782438088512 ] ] } },
{ "type": "Feature", "properties": { "road_id": "R00595", "name": "Track 4-25", "road_class": "track", "lanes": 1, "speed_limit_kmh": 30.0, "surface": "dirt", "aadt": 59, "segment_no": 3, "length_m": 934.1, "oneway": true }, "geometry": { "type": "LineString", "coordinates": [ [ 14.245027737806994, 41.760782438088512 ], [ 14.245800557052004, 41.759619694288403 ], [ 14.248635096062481, 41.756766156757223 ], [ 14.251416249805164, 41.753881037097379 ] ] } },
{ "type": "Feature", "properties": { "road_id": "R00596", "name": "Track 5-10", "road_class": "track", "lanes": 1, "speed_limit_kmh": 30.0, "surface": "dirt", "aadt": 154, "segment_no": 1, "length_m": 1147.1, "oneway": false }, "geometry": { "type": "LineString", "coordinates": [ [ 14.161256509252318, 41.866857964024149 ], [ 14.168347036112115, 41.859786272828678 ], [ 14.169429201378728, 41.858530691278787 ] ] } },
{ "type": "Feature", "properties": { "road_id": "R00597", "name": "Track 5-10", "road_class": "track", "lanes": 1, "speed_limit_kmh": 30.0, "surface": "dirt", "aadt": 154, "segment_no": 2, "length_m": 1147.1, "oneway": false }, "geometry": { "type": "LineString", "coordinates": [ [ 14.169429201378728, 41.858530691278787 ], [ 14.174793697508829, 41.852305648458298 ], [ 14.177139274762798, 41.849963319813028 ] ] } },
{ "type": "Feature", "properties": { "road_id": "R00598", "name": "Track 5-10", "road_class": "track", "lanes": 1, "speed_limit_kmh": 30.0, "surface": "dirt", "aadt": 154, "segment_no": 3, "length_m": 1147.1, "oneway": false }, "geometry": { "type": "LineString", "coordinates": [ [ 14.177139274762798, 41.849963319813028 ], [ 14.181877623493754, 41.845230856676977 ], [ 14.186219808881054, 41.842232523805492 ] ] } },
{ "type": "Feature", "properties": { "road_id": "R00599", "name": "Track 5-10", "road_class": "track", "lanes": 1, "speed_limit_kmh": 30.0, "surface": "dirt", "aadt": 154, "segment_no": 4, "length_m": 1147.1, "oneway": false }, "geometry": { "type": "LineString", "coordinates": [ [ 14.186219808881054, 41.842232523805492 ], [ 14.190606821025064, 41.83920278144717 ], [ 14.196363634377466, 41.83521877782546 ] ] } },
{ "type": "Feature", "properties": { "road_id": "R00600", "name": "Track 5-10", "road_class": "track", "lanes": 1, "speed_limit_kmh": 30.0, "surface": "dirt", "aadt": 154, "segment_no": 5, "length_m": 1147.1, "oneway": false }, "geometry": { "type": "LineString", "coordinates": [ [ 14.196363634377466, 41.83521877782546 ], [ 14.19932575188894, 41.833168535555885 ], [ 14.205475920431185, 41.827483457134612 ] ] } },
{ "type": "Feature", "properties": { "road_id": "R00601", "name": "Track 5-10", "road_class": "track", "lanes": 1, "speed_limit_kmh": 30.0, "surface": "dirt", "aadt": 154, "segment_no": 6, "length_m": 1147.1, "oneway": false }, "geometry": { "type": "LineString", "coordinates": [ [ 14.205475920431185, 41.827483457134612 ], [ 14.20674613509825, 41.826309130485491 ], [ 14.21438152715757, 41.81958691291598 ] ] } },
{ "type": "Feature", "properties": { "road_id": "R00602", "name": "Track 6-11", "road_class": "track", "lanes": 1, "speed_limit_kmh": 30.0, "surface": "dirt", "aadt": 322, "segment_no": 1, "length_m": 1198.2, "oneway": false }, "geometry": { "type": "LineString", "coordinates": [ [ 14.006999926628742, 41.793437432609956 ], [ 14.001038322106623, 41.794890655873928 ], [ 13.994975529456383, 41.795631190031933 ], [ 13.992979388775552, 41.795474883492304 ] ] } },
{ "type": "Feature", "properties": { "road_id": "R00603", "name": "Track 6-11", "road_class": "track", "lanes": 1, "speed_limit_kmh": 30.0, "surface": "dirt", "aadt": 322, "segment_no": 2, "length_m": 1198.2, "oneway": false }, "geometry": { "type": "LineString", "coordinates": [ [ 13.992979388775552, 41.795474883492304 ], [ 13.98873864991767, 41.79514269761448 ], [ 13.982572266246052, 41.795151446153561 ], [ 13.97859355233515, 41.795373167757063 ] ] } },
{ "type": "Feature", "properties": { "road_id": "R00604", "name": "Track 6-11", "road_class": "track", "lanes": 1, "speed_limit_kmh": 30.0, "surface": "dirt", "aadt": 322, "segment_no": 3, "length_m": 1198.2, "oneway": false }, "geometry": { "type": "LineString", "coordinates": [ [ 13.97859355233515, 41.795373167757063 ], [ 13.97645290141149, 41.795492401988639 ], [ 13.970383719180271, 41.79618863182025 ], [ 13.964280595749534, 41.796645032986127 ] ] } },
{ "type": "Feature", "properties": { "road_id": "R00605", "name": "Track 6-19", "road_class": "track", "lanes": 1, "speed_limit_kmh": 30.0, "surface": "dirt", "aadt": 270, "segment_no": 1, "length_m": 1129.9, "oneway": false }, "geometry": { "type": "LineString", "coordinates": [ [ 14.008782991605408, 41.793654784958498 ], [ 14.007372311284257, 41.797750061553323 ], [ 14.002714775408878, 41.800582024176265 ], [ 14.001033899645252, 41.801316524318906 ] ] } },
{ "type": "Feature", "properties": { "road_id": "R00606", "name": "Track 6-19", "road_class": "track", "lanes": 1, "speed_limit_kmh": 30.0, "surface": "dirt", "aadt": 270, "segment_no": 2, "length_m": 1129.9, "oneway": false }, "geometry": { "type": "LineString", "coordinates": [ [ 14.001033899645252, 41.801316524318906 ], [ 13.997092676320488, 41.803038575395632 ], [ 13.993492150662508, 41.806281822547113 ], [ 13.992285372960081, 41.808661435110899 ] ] } },
{ "type": "Feature", "properties": { "road_id": "R00607", "name": "Track 6-19", "road_class": "track", "lanes": 1, "speed_limit_kmh": 30.0, "surface": "dirt", "aadt": 270, "segment_no": 3, "length_m": 1129.9, "oneway": false }, "geometry": { "type": "LineString", "coordinates": [ [ 13.992285372960081, 41.808661435110899 ], [ 13.991524951945353, 41.810160789419029 ], [ 13.990709262552601, 41.814487960101346 ], [ 13.989148013344344, 41.818525020024651 ] ] } },
{ "type": "Feature", "properties": { "road_id": "R00608", "name": "Track 6-26", "road_class": "track", "lanes": 1, "speed_limit_kmh": 30.0, "surface": "dirt", "aadt": 44, "segment_no": 1, "length_m": 1089.7, "oneway": false }, "geometry": { "type": "LineString", "coordinates": [ [ 14.007206846072359, 41.792621770328907 ], [ 14.013565125049604, 41.795323588720002 ], [ 14.017904313384173, 41.798206805349743 ] ] } },
{ "type": "Feature", "properties": { "road_id": "R00609", "name": "Track 6-26", "road_class": "track", "lanes": 1, "speed_limit_kmh": 30.0, "surface": "dirt", "aadt": 44, "segment_no": 2, "length_m": 1089.7, "oneway": false }, "geometry": { "type": "LineString", "coordinates": [ [ 14.017904313384173, 41.798206805349743 ], [ 14.019069358967709, 41.79898085987827 ], [ 14.023562341956668, 41.803769640039313 ], [ 14.026448294752411, 41.805547808537973 ] ] } },
{ "type": "Feature", "properties": { "road_id": "R00610", "name": "Track 6-26", "road_class": "track", "lanes": 1, "speed_limit_kmh": 30.0, "surface": "dirt", "aadt": 44, "segment_no": 3, "length_m": 1089.7, "oneway": false }, "geometry": { "type": "LineString", "coordinates": [ [ 14.026448294752411, 41.805547808537973 ], [ 14.029220489209814, 41.807255725227357 ], [ 14.03678146611872, 41.808613534551988 ], [ 14.038443006371816, 41.809025798962082 ] ] } },
{ "type": "Feature", "properties": { "road_id": "R00611", "name": "Track 6-26", "road_class": "track", "lanes": 1, "speed_limit_kmh": 30.0, "surface": "dirt", "aadt": 44, "segment_no": 4, "length_m": 1089.7, "oneway": false }, "geometry": { "type": "LineString", "coordinates": [ [ 14.038443006371816, 41.809025798962082 ], [ 14.043963412264455, 41.81039532230885 ], [ 14.049839792643159, 41.813638113894832 ] ] } },
{ "type": "Feature", "properties": { "road_id": "R00612", "name": "Track 6-27", "road_class": "track", "lanes": 1, "speed_limit_kmh": 30.0, "surface": "dirt", "aadt": 147, "segment_no": 1, "length_m": 1076.3, "oneway": false }, "geometry": { "type": "LineString", "coordinates": [ [ 14.007804926934982, 41.793795643258242 ], [ 14.012468009466678, 41.791642499451655 ], [ 14.015829636840412, 41.788209039354186 ], [ 14.017066346263391, 41.787245407975171 ] ] } },
{ "type": "Feature", "properties": { "road_id": "R00613", "name": "Track 6-27", "road_class": "track", "lanes": 1, "speed_limit_kmh": 30.0, "surface": "dirt", "aadt": 147, "segment_no": 2, "length_m": 1076.3, "oneway": false }, "geometry": { "type": "LineString", "coordinates": [ [ 14.017066346263391, 41.787245407975171 ], [ 14.01965281620963, 41.785229918732952 ], [ 14.024738985804317, 41.783493482780095 ], [ 14.027938879030286, 41.78221588644174 ] ] } },
{ "type": "Feature", "properties": { "road_id": "R00614", "name": "Track 6-27", "road_class": "track", "lanes": 1, "speed_limit_kmh": 30.0, "surface": "dirt", "aadt": 147, "segment_no": 3, "length_m": 1076.3, "oneway": false }, "geometry": { "type": "LineString", "coordinates": [ [ 14.027938879030286, 41.78221588644174 ], [ 14.029612288515446, 41.781547701168378 ], [ 14.033314810816771, 41.778450443574741 ], [ 14.037211474743298, 41.775544361098945 ], [ 14.037211474743298, 41.775544361098945 ] ] } },
{ "type": "Feature", "properties": { "road_id": "R00615", "name": "Track 7-12", "road_class": "track", "lanes": 1, "speed_limit_kmh": 30.0, "surface": "dirt", "aadt": 141, "segment_no": 1, "length_m": 1093.7, "oneway": false }, "geometry": { "type": "LineString", "coordinates": [ [ 14.362914768788182, 41.644789562898438 ], [ 14.351547197527475, 41.642801669479475 ], [ 14.350124153666959, 41.642557257760657 ] ] } },
{ "type": "Feature", "properties": { "road_id": "R00616", "name": "Track 7-12", "road_class": "track", "lanes": 1, "speed_limit_kmh": 30.0, "surface": "dirt", "aadt": 141, "segment_no": 2, "length_m": 1093.7, "oneway": false }, "geometry": { "type": "LineString", "coordinates": [ [ 14.350124153666959, 41.642557257760657 ], [ 14.340188841791413, 41.640850298930893 ], [ 14.337478446827454, 41.641703282046585 ] ] } },
{ "type": "Feature", "properties": { "road_id": "R00617", "name": "Track 7-12", "road_class": "track", "lanes": 1, "speed_limit_kmh": 30.0, "surface": "dirt", "aadt": 141, "segment_no": 3, "length_m": 1093.7, "oneway": false }, "geometry": { "type": "LineString", "coordinates": [ [ 14.337478446827454, 41.641703282046585 ], [ 14.329995857909736, 41.644057662217776 ], [ 14.325911166958562, 41.646244003186972 ] ] } },
{ "type": "Feature", "properties": { "road_id": "R00618", "name": "Track 7-12", "road_class": "track", "lanes": 1, "speed_limit_kmh": 30.0, "surface": "dirt", "aadt": 141, "segment_no": 4, "length_m": 1093.7, "oneway": false }, "geometry": { "type": "LineString", "coordinates": [ [ 14.325911166958562, 41.646244003186972 ], [ 14.320254650241315, 41.649271180090999 ], [ 14.314210314155833, 41.650253156857573 ] ] } },
{ "type": "Feature", "properties": { "road_id": "R00619", "name": "Track 7-12", "road_class": "track", "lanes": 1, "speed_limit_kmh": 30.0, "surface": "dirt", "aadt": 141, "segment_no": 5, "length_m": 1093.7, "oneway": false }, "geometry": { "type": "LineString", "coordinates": [ [ 14.314210314155833, 41.650253156857573 ], [ 14.309722399601323, 41.650982048304385 ], [ 14.301203187961205, 41.651447247775998 ] ] } },
{ "type": "Feature", "properties": { "road_id": "R00620", "name": "Track 7-12", "road_class": "track", "lanes": 1, "speed_limit_kmh": 30.0, "surface": "dirt", "aadt": 141, "segment_no": 6, "length_m": 1093.7, "oneway": true }, "geometry": { "type": "LineString", "coordinates": [ [ 14.301203187961205, 41.651447247775998 ], [ 14.298937061621697, 41.651570884175634 ], [ 14.288562121718776, 41.65398266963971 ] ] } },
{ "type": "Feature", "properties": { "road_id": "R00621", "name": "Track 7-30", "road_class": "track", "lanes": 1, "speed_limit_kmh": 30.0, "surface": "dirt", "aadt": 102, "segment_no": 1, "length_m": 1159.6, "oneway": false }, "geometry": { "type": "LineString", "coordinates": [ [ 14.362884531639773, 41.646447898103354 ], [ 14.355410951963648, 41.644520956369597 ], [ 14.350296173532579, 41.642136730202807 ] ] } },
{ "type": "Feature", "properties": { "road_id": "R00622", "name": "Track 7-30", "road_class": "track", "lanes": 1, "speed_limit_kmh": 30.0, "surface": "dirt", "aadt": 102, "segment_no": 2, "length_m": 1159.6, "oneway": false }, "geometry": { "type": "LineString", "coordinates": [ [ 14.350296173532579, 41.642136730202807 ], [ 14.348715612506316, 41.641399878859033 ], [ 14.34282179424952, 41.637049465835943 ], [ 14.339678277449989, 41.635455887760862 ] ] } },
{ "type": "Feature", "properties": { "road_id": "R00623", "name": "Track 7-30", "road_class": "track", "lanes": 1, "speed_limit_kmh": 30.0, "surface": "dirt", "aadt": 102, "segment_no": 3, "length_m": 1159.6, "oneway": false }, "geometry": { "type": "LineString", "coordinates": [ [ 14.339678277449989, 41.635455887760862 ], [ 14.336261003811918, 41.633723344909477 ], [ 14.329262924061389, 41.631068737100016 ], [ 14.32739892702859, 41.630624045194878 ] ] } },
{ "type": "Feature", "properties": { "road_id": "R00624", "name": "Track 7-30", "road_class": "track", "lanes": 1, "speed_limit_kmh": 30.0, "surface": "dirt", "aadt": 102, "segment_no": 4, "length_m": 1159.6, "oneway": false }, "geometry": { "type": "LineString", "coordinates": [ [ 14.32739892702859, 41.630624045194878 ], [ 14.321709435407854, 41.629266484568873 ], [ 14.314086036578624, 41.627571599078131 ] ] } },
{ "type": "Feature", "properties": { "road_id": "R00625", "name": "Track 8-18", "road_class": "track", "lanes": 1, "speed_limit_kmh": 30.0, "surface": "dirt", "aadt": 118, "segment_no": 1, "length_m": 1191.2, "oneway": false }, "geometry": { "type": "LineString", "coordinates": [ [ 14.151512605304225, 41.610287415230211 ], [ 14.161664296068329, 41.612043393322963 ], [ 14.165517146514755, 41.612373282172122 ] ] } },
{ "type": "Feature", "properties": { "road_id": "R00626", "name": "Track 8-18", "road_class": "track", "lanes": 1, "speed_limit_kmh": 30.0, "surface": "dirt", "aadt": 118, "segment_no": 2, "length_m": 1191.2, "oneway": false }, "geometry": { "type": "LineString", "coordinates": [ [ 14.165517146514755, 41.612373282172122 ], [ 14.171740649315193, 41.612905871551575 ], [ 14.17945861552834, 41.611236641529693 ] ] } },
{ "type": "Feature", "properties": { "road_id": "R00627", "name": "Track 8-18", "road_class": "track", "lanes": 1, "speed_limit_kmh": 30.0, "surface": "dirt", "aadt": 118, "segment_no": 3, "length_m": 1191.2, "oneway": false }, "geometry": { "type": "LineString", "coordinates": [ [ 14.17945861552834, 41.611236641529693 ], [ 14.181562913875149, 41.610781421813101 ], [ 14.191329410257948, 41.608009994752045 ], [ 14.192992351148716, 41.608055199289858 ] ] } },
{ "type": "Feature", "properties": { "road_id": "R00628", "name": "Track 8-18", "road_class": "track", "lanes": 1, "speed_limit_kmh": 30.0, "surface": "dirt", "aadt": 118, "segment_no": 4, "length_m": 1191.2, "oneway": false }, "geometry": { "type": "LineString", "coordinates": [ [ 14.192992351148716, 41.608055199289858 ], [ 14.201355331369687, 41.608282168781336 ], [ 14.207255921248834, 41.608698676702055 ] ] } },
{ "type": "Feature", "properties": { "road_id": "R00629", "name": "Track 8-18", "road_class": "track", "lanes": 1, "speed_limit_kmh": 30.0, "surface": "dirt", "aadt": 118, "segment_no": 5, "length_m": 1191.2, "oneway": false }, "geometry": { "type": "LineString", "coordinates": [ [ 14.207255921248834, 41.608698676702055 ], [ 14.211418937517614, 41.608992348372666 ], [ 14.221276177097405, 41.607293659042718 ] ] } },
{ "type": "Feature", "properties": { "road_id": "R00630", "name": "Track 8-36", "road_class": "track", "lanes": 1, "speed_limit_kmh": 30.0, "surface": "dirt", "aadt": 333, "segment_no": 1, "length_m": 1112.0, "oneway": false }, "geometry": { "type": "LineString", "coordinates": [ [ 14.15214593535382, 41.609023968584339 ], [ 14.154507597148825, 41.600737641925512 ], [ 14.154987265755974, 41.599238758468871 ] ] } },
{ "type": "Feature", "properties": { "road_id": "R00631", "name": "Track 8-36", "road_class": "track", "lanes": 1, "speed_limit_kmh": 30.0, "surface": "dirt", "aadt": 333, "segment_no": 2, "length_m": 1112.0, "oneway": false }, "geometry": { "type": "LineString", "coordinates": [ [ 14.154987265755974, 41.599238758468871 ], [ 14.157147974061337, 41.592485996235517 ], [ 14.158547838947269, 41.589600923894217 ] ] } },
{ "type": "Feature", "properties": { "road_id": "R00632", "name": "Track 8-36", "road_class": "track", "lanes": 1, "speed_limit_kmh": 30.0, "surface": "dirt", "aadt": 333, "segment_no": 3, "length_m": 1112.0, "oneway": false }, "geometry": { "type": "LineString", "coordinates": [ [ 14.158547838947269, 41.589600923894217 ], [ 14.161073828239072, 41.584394239225055 ], [ 14.161958947961281, 41.579969814416323 ] ] } },
{ "type": "Feature", "properties": { "road_id": "R00633", "name": "Track 8-36", "road_class": "track", "lanes": 1, "speed_limit_kmh": 30.0, "surface": "dirt", "aadt": 333, "segment_no": 4, "length_m": 1112.0, "oneway": true }, "geometry": { "type": "LineString", "coordinates": [ [ 14.161958947961281, 41.579969814416323 ], [ 14.162748512709591, 41.576022497855035 ], [ 14.161562317636708, 41.570064932812329 ] ] } },
{ "type": "Feature", "properties": { "road_id": "R00634", "name": "Track 8-36", "road_class": "track", "lanes": 1, "speed_limit_kmh": 30.0, "surface": "dirt", "aadt": 333, "segment_no": 5, "length_m": 1112.0, "oneway": false }, "geometry": { "type": "LineString", "coordinates": [ [ 14.161562317636708, 41.570064932812329 ], [ 14.160996858453634, 41.567224586049647 ], [ 14.160444819318945, 41.560093149613337 ] ] } },
{ "type": "Feature", "properties": { "road_id": "R00635", "name": "Track 8-36", "road_class": "track", "lanes": 1, "speed_limit_kmh": 30.0, "surface": "dirt", "aadt": 333, "segment_no": 6, "length_m": 1112.0, "oneway": true }, "geometry": { "type": "LineString", "coordinates": [ [ 14.160444819318945, 41.560093149613337 ], [ 14.16032623815935, 41.55856109210734 ], [ 14.162852513454476, 41.550295350541106 ], [ 14.162852513454476, 41.550295350541106 ] ] } },
{ "type": "Feature", "properties": { "road_id": "R00636", "name": "Track 9-25", "road_class": "track", "lanes": 1, "speed_limit_kmh": 30.0, "surface": "dirt", "aadt": 158, "segment_no": 1, "length_m": 1036.2, "oneway": false }, "geometry": { "type": "LineString", "coordinates": [ [ 14.288985467863133, 41.730754267004365 ], [ 14.282670097224541, 41.733135185381308 ], [ 14.279301141154018, 41.736286110855993 ] ] } },
{ "type": "Feature", "properties": { "road_id": "R00637", "name": "Track 9-25", "road_class": "track", "lanes": 1, "speed_limit_kmh": 30.0, "surface": "dirt", "aadt": 158, "segment_no": 2, "length_m": 1036.2, "oneway": false }, "geometry": { "type": "LineString", "coordinates": [ [ 14.279301141154018, 41.736286110855993 ], [ 14.278180994993294, 41.737333672665329 ], [ 14.274453901789295, 41.742290888748052 ], [ 14.272188416330939, 41.743846009455623 ] ] } },
{ "type": "Feature", "properties": { "road_id": "R00638", "name": "Track 9-25", "road_class": "track", "lanes": 1, "speed_limit_kmh": 30.0, "surface": "dirt", "aadt": 158, "segment_no": 3, "length_m": 1036.2, "oneway": false }, "geometry": { "type": "LineString", "coordinates": [ [ 14.272188416330939, 41.743846009455623 ], [ 14.26929997976155, 41.745828573565319 ], [ 14.263607203242447, 41.748830258230846 ], [ 14.262241231840186, 41.749427643545737 ] ] } },
{ "type": "Feature", "properties": { "road_id": "R00639", "name": "Track 9-25", "road_class": "track", "lanes": 1, "speed_limit_kmh": 30.0, "surface": "dirt", "aadt": 158, "segment_no": 4, "length_m": 1036.2, "oneway": false }, "geometry": { "type": "LineString", "coordinates": [ [ 14.262241231840186, 41.749427643545737 ], [ 14.257556730461427, 41.751476124831598 ], [ 14.251362997389101, 41.753979539334466 ] ] } },
{ "type": "Feature", "properties": { "road_id": "R00640", "name": "Track 10-28", "road_class": "track", "lanes": 1, "speed_limit_kmh": 30.0, "surface": "dirt", "aadt": 165, "segment_no": 1, "length_m": 1102.5, "oneway": false }, "geometry": { "type": "LineString", "coordinates": [ [ 14.216115151050413, 41.818242632830952 ], [ 14.228095547919299, 41.822518249216536 ] ] } },
{ "type": "Feature", "properties": { "road_id": "R00641", "name": "Track 10-28", "road_class": "track", "lanes": 1, "speed_limit_kmh": 30.0, "surface": "dirt", "aadt": 165, "segment_no": 2, "length_m": 1102.5, "oneway": false }, "geometry": { "type": "LineString", "coordinates": [ [ 14.228095547919299, 41.822518249216536 ], [ 14.229751278454506, 41.823109010945224 ], [ 14.2386003980392, 41.828532761860373 ] ] } },
{ "type": "Feature", "properties": { "road_id": "R00642", "name": "Track 10-28", "road_class": "track", "lanes": 1, "speed_limit_kmh": 30.0, "surface": "dirt", "aadt": 165, "segment_no": 3, "length_m": 1102.5, "oneway": false }, "geometry": { "type": "LineString", "coordinates": [ [ 14.2386003980392, 41.828532761860373 ], [ 14.241505651316787, 41.830313085674184 ], [ 14.248491537980962, 41.835150617418506 ] ] } },
{ "type": "Feature", "properties": { "road_id": "R00643", "name": "Track 10-28", "road_class": "track", "lanes": 1, "speed_limit_kmh": 30.0, "surface": "dirt", "aadt": 165, "segment_no": 4, "length_m": 1102.5, "oneway": true }, "geometry": { "type": "LineString", "coordinates": [ [ 14.248491537980962, 41.835150617418506 ], [ 14.252777790980909, 41.838118159146724 ], [ 14.258514420653404, 41.84165711844782 ] ] } },
{ "type": "Feature", "properties": { "road_id": "R00644", "name": "Track 10-28", "road_class": "track", "lanes": 1, "speed_limit_kmh": 30.0, "surface": "dirt", "aadt": 165, "segment_no": 5, "length_m": 1102.5, "oneway": false }, "geometry": { "type": "LineString", "coordinates": [ [ 14.258514420653404, 41.84165711844782 ], [ 14.264509440607497, 41.845354759558717 ], [ 14.269154465831695, 41.8475678576078 ] ] } },
{ "type": "Feature", "properties": { "road_id": "R00645", "name": "Track 10-28", "road_class": "track", "lanes": 1, "speed_limit_kmh": 30.0, "surface": "dirt", "aadt": 165, "segment_no": 6, "length_m": 1102.5, "oneway": false }, "geometry": { "type": "LineString", "coordinates": [ [ 14.269154465831695, 41.8475678576078 ], [ 14.277201030928641, 41.851400798249344 ], [ 14.28062825299236, 41.852519281062541 ] ] } },
{ "type": "Feature", "properties": { "road_id": "R00646", "name": "Track 10-28", "road_class": "track", "lanes": 1, "speed_limit_kmh": 30.0, "surface": "dirt", "aadt": 165, "segment_no": 7, "length_m": 1102.5, "oneway": false }, "geometry": { "type": "LineString", "coordinates": [ [ 14.28062825299236, 41.852519281062541 ], [ 14.291107658777401, 41.855938388249747 ], [ 14.292781793134729, 41.856522347440411 ] ] } },
{ "type": "Feature", "properties": { "road_id": "R00647", "name": "Track 10-28", "road_class": "track", "lanes": 1, "speed_limit_kmh": 30.0, "surface": "dirt", "aadt": 165, "segment_no": 8, "length_m": 1102.5, "oneway": true }, "geometry": { "type": "LineString", "coordinates": [ [ 14.292781793134729, 41.856522347440411 ], [ 14.304818687972292, 41.860719939427938 ] ] } },
{ "type": "Feature", "properties": { "road_id": "R00648", "name": "Track 11-19", "road_class": "track", "lanes": 1, "speed_limit_kmh": 30.0, "surface": "dirt", "aadt": 332, "segment_no": 1, "length_m": 1158.5, "oneway": false }, "geometry": { "type": "LineString", "coordinates": [ [ 13.965175313737687, 41.795725932144194 ], [ 13.968730080178672, 41.798899799857665 ], [ 13.970350037077782, 41.80328850573224 ], [ 13.970778636272884, 41.804997878460981 ] ] } },
{ "type": "Feature", "properties": { "road_id": "R00649", "name": "Track 11-19", "road_class": "track", "lanes": 1, "speed_limit_kmh": 30.0, "surface": "dirt", "aadt": 332, "segment_no": 2, "length_m": 1158.5, "oneway": false }, "geometry": { "type": "LineString", "coordinates": [ [ 13.970778636272884, 41.804997878460981 ], [ 13.971521167491867, 41.807959088197968 ], [ 13.973807951086183, 41.811929398966249 ], [ 13.977513490163721, 41.813310689271255 ] ] } },
{ "type": "Feature", "properties": { "road_id": "R00650", "name": "Track 11-19", "road_class": "track", "lanes": 1, "speed_limit_kmh": 30.0, "surface": "dirt", "aadt": 332, "segment_no": 3, "length_m": 1158.5, "oneway": true }, "geometry": { "type": "LineString", "coordinates": [ [ 13.977513490163721, 41.813310689271255 ], [ 13.979211058237887, 41.813943421464131 ], [ 13.985320665579492, 41.815513798408183 ], [ 13.989474461482551, 41.818312212719349 ] ] } },
{ "type": "Feature", "properties": { "road_id": "R00651", "name": "Track 11-35", "road_class": "track", "lanes": 1, "speed_limit_kmh": 30.0, "surface": "dirt", "aadt": 340, "segment_no": 1, "length_m": 1132.9, "oneway": false }, "geometry": { "type": "LineString", "coordinates": [ [ 13.964831217236135, 41.796720205764153 ], [ 13.956276980747235, 41.804665573443536 ] ] } },
{ "type": "Feature", "properties": { "road_id": "R00652", "name": "Track 11-35", "road_class": "track", "lanes": 1, "speed_limit_kmh": 30.0, "surface": "dirt", "aadt": 340, "segment_no": 2, "length_m": 1132.9, "oneway": false }, "geometry": { "type": "LineString", "coordinates": [ [ 13.956276980747235, 41.804665573443536 ], [ 13.955047999316113, 41.80580686207599 ], [ 13.947495427961231, 41.812470992626764 ] ] } },
{ "type": "Feature", "properties": { "road_id": "R00653", "name": "Track 11-35", "road_class": "track", "lanes": 1, "speed_limit_kmh": 30.0, "surface": "dirt", "aadt": 340, "segment_no": 3, "length_m": 1132.9, "oneway": false }, "geometry": { "type": "LineString", "coordinates": [ [ 13.947495427961231, 41.812470992626764 ], [ 13.944972355612034, 41.814696840347338 ], [ 13.938543107538273, 41.820167814608432 ] ] } },
{ "type": "Feature", "properties": { "road_id": "R00654", "name": "Track 11-35", "road_class": "track", "lanes": 1, "speed_limit_kmh": 30.0, "surface": "dirt", "aadt": 340, "segment_no": 4, "length_m": 1132.9, "oneway": false }, "geometry": { "type": "LineString", "coordinates": [ [ 13.938543107538273, 41.820167814608432 ], [ 13.934688665268943, 41.823447127081749 ], [ 13.929380700463279, 41.82772495228356 ] ] } },
{ "type": "Feature", "properties": { "road_id": "R00655", "name": "Track 11-35", "road_class": "track", "lanes": 1, "speed_limit_kmh": 30.0, "surface": "dirt", "aadt": 340, "segment_no": 5, "length_m": 1132.9, "oneway": false }, "geometry": { "type": "LineString", "coordinates": [ [ 13.929380700463279, 41.82772495228356 ], [ 13.924091795790424, 41.831986593935717 ], [ 13.919982556827385, 41.835119023958541 ] ] } },
{ "type": "Feature", "properties": { "road_id": "R00656", "name": "Track 11-35", "road_class": "track", "lanes": 1, "speed_limit_kmh": 30.0, "surface": "dirt", "aadt": 340, "segment_no": 6, "length_m": 1132.9, "oneway": false }, "geometry": { "type": "LineString", "coordinates": [ [ 13.919982556827385, 41.835119023958541 ], [ 13.913172732911866, 41.840309071111335 ], [ 13.910338984617372, 41.842334791092746 ] ] } },
{ "type": "Feature", "properties": { "road_id": "R00657", "name": "Track 11-35", "road_class": "track", "lanes": 1, "speed_limit_kmh": 30.0, "surface": "dirt", "aadt": 340, "segment_no": 7, "length_m": 1132.9, "oneway": false }, "geometry": { "type": "LineString", "coordinates": [ [ 13.910338984617372, 41.842334791092746 ], [ 13.901880638591482, 41.848380092451187 ], [ 13.900528522285841, 41.849424614755421 ] ] } },
{ "type": "Feature", "properties": { "road_id": "R00658", "name": "Track 11-35", "road_class": "track", "lanes": 1, "speed_limit_kmh": 30.0, "surface": "dirt", "aadt": 340, "segment_no": 8, "length_m": 1132.9, "oneway": false }, "geometry": { "type": "LineString", "coordinates": [ [ 13.900528522285841, 41.849424614755421 ], [ 13.891037180026725, 41.856755338780133 ] ] } },
{ "type": "Feature", "properties": { "road_id": "R00659", "name": "Track 12-20", "road_class": "track", "lanes": 1, "speed_limit_kmh": 30.0, "surface": "dirt", "aadt": 312, "segment_no": 1, "length_m": 1060.3, "oneway": false }, "geometry": { "type": "LineString", "coordinates": [ [ 14.289232593123616, 41.652817473878947 ], [ 14.282314925726318, 41.651587335488401 ], [ 14.277007695942865, 41.652983129354581 ] ] } },
{ "type": "Feature", "properties": { "road_id": "R00660", "name": "Track 12-20", "road_class": "track", "lanes": 1, "speed_limit_kmh": 30.0, "surface": "dirt", "aadt": 312, "segment_no": 2, "length_m": 1060.3, "oneway": false }, "geometry": { "type": "LineString", "coordinates": [ [ 14.277007695942865, 41.652983129354581 ], [ 14.274975137398243, 41.653517608134507 ], [ 14.267875696625438, 41.653647249361946 ], [ 14.264397381793453, 41.65365840885179 ] ] } },
{ "type": "Feature", "properties": { "road_id": "R00661", "name": "Track 12-20", "road_class": "track", "lanes": 1, "speed_limit_kmh": 30.0, "surface": "dirt", "aadt": 312, "segment_no": 3, "length_m": 1060.3, "oneway": false }, "geometry": { "type": "LineString", "coordinates": [ [ 14.264397381793453, 41.65365840885179 ], [ 14.260790501015904, 41.65366986963717 ], [ 14.253520118648202, 41.655074307598142 ], [ 14.251901569082193, 41.655037555554948 ] ] } },
{ "type": "Feature", "properties": { "road_id": "R00662", "name": "Track 12-20", "road_class": "track", "lanes": 1, "speed_limit_kmh": 30.0, "surface": "dirt", "aadt": 312, "segment_no": 4, "length_m": 1060.3, "oneway": false }, "geometry": { "type": "LineString", "coordinates": [ [ 14.251901569082193, 41.655037555554948 ], [ 14.246459209914169, 41.654913809694314 ], [ 14.239634346896764, 41.652994205993643 ] ] } },
{ "type": "Feature", "properties": { "road_id": "R00663", "name": "Track 12-30", "road_class": "track", "lanes": 1, "speed_limit_kmh": 30.0, "surface": "dirt", "aadt": 43, "segment_no": 1, "length_m": 961.2, "oneway": false }, "geometry": { "type": "LineString", "coordinates": [ [ 14.287772658560856, 41.654850486663243 ], [ 14.289826839150022, 41.650144390631013 ], [ 14.291201487019102, 41.646585326689227 ] ] } },
{ "type": "Feature", "properties": { "road_id": "R00664", "name": "Track 12-30", "road_class": "track", "lanes": 1, "speed_limit_kmh": 30.0, "surface": "dirt", "aadt": 43, "segment_no": 2, "length_m": 961.2, "oneway": false }, "geometry": { "type": "LineString", "coordinates": [ [ 14.291201487019102, 41.646585326689227 ], [ 14.291683430694572, 41.645337440254906 ], [ 14.293775091099397, 41.640650718597719 ], [ 14.29579688041632, 41.638770440882013 ] ] } },
{ "type": "Feature", "properties": { "road_id": "R00665", "name": "Track 12-30", "road_class": "track", "lanes": 1, "speed_limit_kmh": 30.0, "surface": "dirt", "aadt": 43, "segment_no": 3, "length_m": 961.2, "oneway": false }, "geometry": { "type": "LineString", "coordinates": [ [ 14.29579688041632, 41.638770440882013 ], [ 14.297769042120024, 41.636936175877935 ], [ 14.303093841663047, 41.633901718808019 ], [ 14.304477914324757, 41.633146028864203 ] ] } },
{ "type": "Feature", "properties": { "road_id": "R00666", "name": "Track 12-30", "road_class": "track", "lanes": 1, "speed_limit_kmh": 30.0, "surface": "dirt", "aadt": 43, "segment_no": 4, "length_m": 961.2, "oneway": false }, "geometry": { "type": "LineString", "coordinates": [ [ 14.304477914324757, 41.633146028864203 ], [ 14.308538774902773, 41.630928639530836 ], [ 14.313352445316195, 41.62763307070086 ] ] } },
{ "type": "Feature", "properties": { "road_id": "R00667", "name": "Track 13-22", "road_class": "track", "lanes": 1, "speed_limit_kmh": 30.0, "surface": "dirt", "aadt": 127, "segment_no": 1, "length_m": 1002.8, "oneway": false }, "geometry": { "type": "LineString", "coordinates": [ [ 14.018513619197618, 41.754772757620565 ], [ 14.011825725736285, 41.753920729874167 ], [ 14.006642629351944, 41.754664183371126 ] ] } },
{ "type": "Feature", "properties": { "road_id": "R00668", "name": "Track 13-22", "road_class": "track", "lanes": 1, "speed_limit_kmh": 30.0, "surface": "dirt", "aadt": 127, "segment_no": 2, "length_m": 1002.8, "oneway": false }, "geometry": { "type": "LineString", "coordinates": [ [ 14.006642629351944, 41.754664183371126 ], [ 14.004788953141832, 41.754930010040596 ], [ 13.997823797808552, 41.755556003720052 ], [ 13.994705778976483, 41.755176409728364 ] ] } },
{ "type": "Feature", "properties": { "road_id": "R00669", "name": "Track 13-22", "road_class": "track", "lanes": 1, "speed_limit_kmh": 30.0, "surface": "dirt", "aadt": 127, "segment_no": 3, "length_m": 1002.8, "oneway": false }, "geometry": { "type": "LineString", "coordinates": [ [ 13.994705778976483, 41.755176409728364 ], [ 13.991128972485644, 41.754740852480111 ], [ 13.984371754751681, 41.754258441713262 ], [ 13.982734837352103, 41.754105096284299 ] ] } },
{ "type": "Feature", "properties": { "road_id": "R00670", "name": "Track 13-22", "road_class": "track", "lanes": 1, "speed_limit_kmh": 30.0, "surface": "dirt", "aadt": 127, "segment_no": 4, "length_m": 1002.8, "oneway": false }, "geometry": { "type": "LineString", "coordinates": [ [ 13.982734837352103, 41.754105096284299 ], [ 13.977642412119012, 41.753627887413693 ], [ 13.971126263211668, 41.751863853150546 ] ] } },
{ "type": "Feature", "properties": { "road_id": "R00671", "name": "Track 13-23", "road_class": "track", "lanes": 1, "speed_limit_kmh": 30.0, "surface": "dirt", "aadt": 302, "segment_no": 1, "length_m": 933.9, "oneway": false }, "geometry": { "type": "LineString", "coordinates": [ [ 14.016945507459891, 41.75564855714947 ], [ 14.017392264764746, 41.752153677144861 ], [ 14.018951785448275, 41.748696800831105 ], [ 14.018541793878994, 41.747483283687892 ] ] } },
{ "type": "Feature", "properties": { "road_id": "R00672", "name": "Track 13-23", "road_class": "track", "lanes": 1, "speed_limit_kmh": 30.0, "surface": "dirt", "aadt": 302, "segment_no": 2, "length_m": 933.9, "oneway": false }, "geometry": { "type": "LineString", "coordinates": [ [ 14.018541793878994, 41.747483283687892 ], [ 14.01775206843369, 41.745145678123265 ], [ 14.017920154330724, 41.741641272243804 ], [ 14.019402583186519, 41.739408592895387 ] ] } },
{ "type": "Feature", "properties": { "road_id": "R00673", "name": "Track 13-23", "road_class": "track", "lanes": 1, "speed_limit_kmh": 30.0, "surface": "dirt", "aadt": 302, "segment_no": 3, "length_m": 933.9, "oneway": false }, "geometry": { "type": "LineString", "coordinates": [ [ 14.019402583186519, 41.739408592895387 ], [ 14.020199057275251, 41.73820895360511 ], [ 14.020861506554564, 41.734721421628862 ], [ 14.020344238347771, 41.731193610987646 ] ] } },
{ "type": "Feature", "properties": { "road_id": "R00674", "name": "Track 13-27", "road_class": "track", "lanes": 1, "speed_limit_kmh": 30.0, "surface": "dirt", "aadt": 352, "segment_no": 1, "length_m": 938.4, "oneway": false }, "geometry": { "type": "LineString", "coordinates": [ [ 14.017520048733754, 41.756133631455448 ], [ 14.019358290996497, 41.759446247452459 ], [ 14.021150189950554, 41.762783635334877 ], [ 14.022069183367984, 41.76384781535176 ] ] } },
{ "type": "Feature", "properties": { "road_id": "R00675", "name": "Track 13-27", "road_class": "track", "lanes": 1, "speed_limit_kmh": 30.0, "surface": "dirt", "aadt": 352, "segment_no": 2, "length_m": 938.4, "oneway": false }, "geometry": { "type": "LineString", "coordinates": [ [ 14.022069183367984, 41.76384781535176 ], [ 14.023688728161282, 41.765723120279965 ], [ 14.028524931908702, 41.767437894248431 ], [ 14.030834202707242, 41.768817830844135 ] ] } },
{ "type": "Feature", "properties": { "road_id": "R00676", "name": "Track 13-27", "road_class": "track", "lanes": 1, "speed_limit_kmh": 30.0, "surface": "dirt", "aadt": 352, "segment_no": 3, "length_m": 938.4, "oneway": false }, "geometry": { "type": "LineString", "coordinates": [ [ 14.030834202707242, 41.768817830844135 ], [ 14.032321782257327, 41.769706698882551 ], [ 14.034526852416194, 41.772824133338446 ], [ 14.037104482196552, 41.775743022997126 ] ] } },
{ "type": "Feature", "properties": { "road_id": "R00677", "name": "Track 14-15", "road_class": "track", "lanes": 1, "speed_limit_kmh": 30.0, "surface": "dirt", "aadt": 204, "segment_no": 1, "length_m": 1002.6, "oneway": false }, "geometry": { "type": "LineString", "coordinates": [ [ 14.288986708714818, 41.603304440324727 ], [ 14.283234053703403, 41.596940536249924 ], [ 14.282469904990968, 41.59572999756945 ] ] } },
{ "type": "Feature", "properties": { "road_id": "R00678", "name": "Track 14-15", "road_class": "track", "lanes": 1, "speed_limit_kmh": 30.0, "surface": "dirt", "aadt": 204, "segment_no": 2, "length_m": 1002.6, "oneway": false }, "geometry": { "type": "LineString", "coordinates": [ [ 14.282469904990968, 41.59572999756945 ], [ 14.278787116773366, 41.5898951477892 ], [ 14.277160901328328, 41.587629749903066 ] ] } },
{ "type": "Feature", "properties": { "road_id": "R00679", "name": "Track 14-15", "road_class": "track", "lanes": 1, "speed_limit_kmh": 30.0, "surface": "dirt", "aadt": 204, "segment_no": 3, "length_m": 1002.6, "oneway": false }, "geometry": { "type": "LineString", "coordinates": [ [ 14.277160901328328, 41.587629749903066 ], [ 14.273896513380768, 41.583081753203381 ], [ 14.270231105934876, 41.580369761263732 ] ] } },
{ "type": "Feature", "properties": { "road_id": "R00680", "name": "Track 14-15", "road_class": "track", "lanes": 1, "speed_limit_kmh": 30.0, "surface": "dirt", "aadt": 204, "segment_no": 4, "length_m": 1002.6, "oneway": false }, "geometry": { "type": "LineString", "coordinates": [ [ 14.270231105934876, 41.580369761263732 ], [ 14.266474875823185, 41.57759021519599 ], [ 14.262042826564509, 41.573765067793367 ] ] } },
{ "type": "Feature", "properties": { "road_id": "R00681", "name": "Track 14-15", "road_class": "track", "lanes": 1, "speed_limit_kmh": 30.0, "surface": "dirt", "aadt": 204, "segment_no": 5, "length_m": 1002.6, "oneway": true }, "geometry": { "type": "LineString", "coordinates": [ [ 14.262042826564509, 41.573765067793367 ], [ 14.259713284663796, 41.571754272759676 ], [ 14.255312701618804, 41.566314543568993 ] ] } },
{ "type": "Feature", "properties": { "road_id": "R00682", "name": "Track 14-15", "road_class": "track", "lanes": 1, "speed_limit_kmh": 30.0, "surface": "dirt", "aadt": 204, "segment_no": 6, "length_m": 1002.6, "oneway": false }, "geometry": { "type": "LineString", "coordinates": [ [ 14.255312701618804, 41.566314543568993 ], [ 14.254386525855288, 41.565169525311447 ], [ 14.248623513730594, 41.558812835246457 ] ] } },
{ "type": "Feature", "properties": { "road_id": "R00683", "name": "Track 14-18", "road_class": "track", "lanes": 1, "speed_limit_kmh": 30.0, "surface": "dirt", "aadt": 222, "segment_no": 1, "length_m": 1149.9, "oneway": true }, "geometry": { "type": "LineString", "coordinates": [ [ 14.289230203518096, 41.602701391705565 ], [ 14.279430976987207, 41.601998168979762 ], [ 14.275499001369772, 41.60168452664864 ] ] } },
{ "type": "Feature", "properties": { "road_id": "R00684", "name": "Track 14-18", "road_class": "track", "lanes": 1, "speed_limit_kmh": 30.0, "surface": "dirt", "aadt": 222, "segment_no": 2, "length_m": 1149.9, "oneway": false }, "geometry": { "type": "LineString", "coordinates": [ [ 14.275499001369772, 41.60168452664864 ], [ 14.269627024667601, 41.601215880247544 ], [ 14.261767766477398, 41.601761247978814 ] ] } },
{ "type": "Feature", "properties": { "road_id": "R00685", "name": "Track 14-18", "road_class": "track", "lanes": 1, "speed_limit_kmh": 30.0, "surface": "dirt", "aadt": 222, "segment_no": 3, "length_m": 1149.9, "oneway": false }, "geometry": { "type": "LineString", "coordinates": [ [ 14.261767766477398, 41.601761247978814 ], [ 14.259915295170602, 41.601889714544598 ], [ 14.250303567369237, 41.604153570156981 ], [ 14.248494861070299, 41.604491653645496 ] ] } },
{ "type": "Feature", "properties": { "road_id": "R00686", "name": "Track 14-18", "road_class": "track", "lanes": 1, "speed_limit_kmh": 30.0, "surface": "dirt", "aadt": 222, "segment_no": 4, "length_m": 1149.9, "oneway": false }, "geometry": { "type": "LineString", "coordinates": [ [ 14.248494861070299, 41.604491653645496 ], [ 14.240662196050216, 41.605955365468908 ], [ 14.234936331514561, 41.606036256646284 ] ] } },
{ "type": "Feature", "properties": { "road_id": "R00687", "name": "Track 14-18", "road_class": "track", "lanes": 1, "speed_limit_kmh": 30.0, "surface": "dirt", "aadt": 222, "segment_no": 5, "length_m": 1149.9, "oneway": false }, "geometry": { "type": "LineString", "coordinates": [ [ 14.234936331514561, 41.606036256646284 ], [ 14.230916026134011, 41.606092882244859 ], [ 14.221144690282216, 41.605827583898879 ] ] } },
{ "type": "Feature", "properties": { "road_id": "R00688", "name": "Track 14-30", "road_class": "track", "lanes": 1, "speed_limit_kmh": 30.0, "surface": "dirt", "aadt": 362, "segment_no": 1, "length_m": 1146.9, "oneway": false }, "geometry": { "type": "LineString", "coordinates": [ [ 14.288424787423079, 41.603629658212881 ], [ 14.291579041350218, 41.607365951443498 ], [ 14.295537136705674, 41.610651976455806 ], [ 14.296601922467961, 41.61189408454257 ] ] } },
{ "type": "Feature", "properties": { "road_id": "R00689", "name": "Track 14-30", "road_class": "track", "lanes": 1, "speed_limit_kmh": 30.0, "surface": "dirt", "aadt": 362, "segment_no": 2, "length_m": 1146.9, "oneway": false }, "geometry": { "type": "LineString", "coordinates": [ [ 14.296601922467961, 41.61189408454257 ], [ 14.298724484485522, 41.614369953103072 ], [ 14.302162041827136, 41.61794784841917 ], [ 14.305068579587715, 41.619971063790906 ] ] } },
{ "type": "Feature", "properties": { "road_id": "R00690", "name": "Track 14-30", "road_class": "track", "lanes": 1, "speed_limit_kmh": 30.0, "surface": "dirt", "aadt": 362, "segment_no": 3, "length_m": 1146.9, "oneway": false }, "geometry": { "type": "LineString", "coordinates": [ [ 14.305068579587715, 41.619971063790906 ], [ 14.306542923656854, 41.620997265513907 ], [ 14.310093002651051, 41.624512313498478 ], [ 14.313561196164079, 41.628073355744817 ], [ 14.313561196164079, 41.628073355744817 ] ] } },
{ "type": "Feature", "properties": { "road_id": "R00691", "name": "Track 15-18", "road_class": "track", "lanes": 1, "speed_limit_kmh": 30.0, "surface": "dirt", "aadt": 155, "segment_no": 1, "length_m": 1144.8, "oneway": false }, "geometry": { "type": "LineString", "coordinates": [ [ 14.249162346954257, 41.559240654146187 ], [ 14.247220871992335, 41.566539111783747 ], [ 14.246590522134927, 41.569368599494098 ] ] } },
{ "type": "Feature", "properties": { "road_id": "R00692", "name": "Track 15-18", "road_class": "track", "lanes": 1, "speed_limit_kmh": 30.0, "surface": "dirt", "aadt": 155, "segment_no": 2, "length_m": 1144.8, "oneway": false }, "geometry": { "type": "LineString", "coordinates": [ [ 14.246590522134927, 41.569368599494098 ], [ 14.245573256134783, 41.573934311182889 ], [ 14.242972132688392, 41.579270395086233 ] ] } },
{ "type": "Feature", "properties": { "road_id": "R00693", "name": "Track 15-18", "road_class": "track", "lanes": 1, "speed_limit_kmh": 30.0, "surface": "dirt", "aadt": 155, "segment_no": 3, "length_m": 1144.8, "oneway": false }, "geometry": { "type": "LineString", "coordinates": [ [ 14.242972132688392, 41.579270395086233 ], [ 14.242238691106865, 41.580774843369625 ], [ 14.237317528396222, 41.58709370965763 ], [ 14.236324904585318, 41.58826653757761 ] ] } },
{ "type": "Feature", "properties": { "road_id": "R00694", "name": "Track 15-18", "road_class": "track", "lanes": 1, "speed_limit_kmh": 30.0, "surface": "dirt", "aadt": 155, "segment_no": 4, "length_m": 1144.8, "oneway": false }, "geometry": { "type": "LineString", "coordinates": [ [ 14.236324904585318, 41.58826653757761 ], [ 14.232062040506365, 41.593302706877097 ], [ 14.229116249589239, 41.597042304292771 ] ] } },
{ "type": "Feature", "properties": { "road_id": "R00695", "name": "Track 15-18", "road_class": "track", "lanes": 1, "speed_limit_kmh": 30.0, "surface": "dirt", "aadt": 155, "segment_no": 5, "length_m": 1144.8, "oneway": false }, "geometry": { "type": "LineString", "coordinates": [ [ 14.229116249589239, 41.597042304292771 ], [ 14.227095791301148, 41.599606920488576 ], [ 14.222051078789464, 41.605885414105614 ] ] } },
{ "type": "Feature", "properties": { "road_id": "R00696", "name": "Track 15-36", "road_class": "track", "lanes": 1, "speed_limit_kmh": 30.0, "surface": "dirt", "aadt": 40, "segment_no": 1, "length_m": 1182.9, "oneway": false }, "geometry": { "type": "LineString", "coordinates": [ [ 14.248264487147246, 41.559328199714137 ], [ 14.236310660998166, 41.557826417447274 ], [ 14.234315440577623, 41.55742670776764 ] ] } },
{ "type": "Feature", "properties": { "road_id": "R00697", "name": "Track 15-36", "road_class": "track", "lanes": 1, "speed_limit_kmh": 30.0, "surface": "dirt", "aadt": 40, "segment_no": 2, "length_m": 1182.9, "oneway": false }, "geometry": { "type": "LineString", "coordinates": [ [ 14.234315440577623, 41.55742670776764 ], [ 14.224511428367066, 41.555462061342872 ], [ 14.220546233036037, 41.554891100183397 ] ] } },
{ "type": "Feature", "properties": { "road_id": "R00698", "name": "Track 15-36", "road_class": "track", "lanes": 1, "speed_limit_kmh": 30.0, "surface": "dirt", "aadt": 40, "segment_no": 3, "length_m": 1182.9, "oneway": false }, "geometry": { "type": "LineString", "coordinates": [ [ 14.220546233036037, 41.554891100183397 ], [ 14.21259681687371, 41.553745996937685 ], [ 14.206519149486605, 41.553460165640359 ] ] } },
{ "type": "Feature", "properties": { "road_id": "R00699", "name": "Track 15-36", "road_class": "track", "lanes": 1, "speed_limit_kmh": 30.0, "surface": "dirt", "aadt": 40, "segment_no": 4, "length_m": 1182.9, "oneway": false }, "geometry": { "type": "LineString", "coordinates": [ [ 14.206519149486605, 41.553460165640359 ], [ 14.200477333596648, 41.55317569973154 ], [ 14.192347807245842, 41.553239678003671 ] ] } },
{ "type": "Feature", "properties": { "road_id": "R00700", "name": "Track 15-36", "road_class": "track", "lanes": 1, "speed_limit_kmh": 30.0, "surface": "dirt", "aadt": 40, "segment_no": 5, "length_m": 1182.9, "oneway": false }, "geometry": { "type": "LineString", "coordinates": [ [ 14.192347807245842, 41.553239678003671 ], [ 14.188238319480238, 41.553271800322584 ], [ 14.178195197918191, 41.55268107258695 ] ] } },
{ "type": "Feature", "properties": { "road_id": "R00701", "name": "Track 15-36", "road_class": "track", "lanes": 1, "speed_limit_kmh": 30.0, "surface": "dirt", "aadt": 40, "segment_no": 6, "length_m": 1182.9, "oneway": false }, "geometry": { "type": "LineString", "coordinates": [ [ 14.178195197918191, 41.55268107258695 ], [ 14.176144071693029, 41.552560318010201 ], [ 14.164217953030883, 41.550913806527035 ] ] } },
{ "type": "Feature", "properties": { "road_id": "R00702", "name": "Track 16-21", "road_class": "track", "lanes": 1, "speed_limit_kmh": 30.0, "surface": "dirt", "aadt": 52, "segment_no": 1, "length_m": 1097.1, "oneway": false }, "geometry": { "type": "LineString", "coordinates": [ [ 14.082429121875419, 41.651529998797074 ], [ 14.080162569739205, 41.65549402819336 ], [ 14.077608426210144, 41.659277304067231 ], [ 14.076092608339675, 41.659961940794005 ] ] } },
{ "type": "Feature", "properties": { "road_id": "R00703", "name": "Track 16-21", "road_class": "track", "lanes": 1, "speed_limit_kmh": 30.0, "surface": "dirt", "aadt": 52, "segment_no": 2, "length_m": 1097.1, "oneway": false }, "geometry": { "type": "LineString", "coordinates": [ [ 14.076092608339675, 41.659961940794005 ], [ 14.072620609972146, 41.661529977991904 ], [ 14.06889973038499, 41.664579606767589 ], [ 14.06669092645965, 41.666721803402083 ] ] } },
{ "type": "Feature", "properties": { "road_id": "R00704", "name": "Track 16-21", "road_class": "track", "lanes": 1, "speed_limit_kmh": 30.0, "surface": "dirt", "aadt": 52, "segment_no": 3, "length_m": 1097.1, "oneway": false }, "geometry": { "type": "LineString", "coordinates": [ [ 14.06669092645965, 41.666721803402083 ], [ 14.065528388886504, 41.667849209001915 ], [ 14.060695273595089, 41.67019934507212 ], [ 14.056915264117144, 41.673212040547774 ] ] } },
{ "type": "Feature", "properties": { "road_id": "R00705", "name": "Track 16-32", "road_class": "track", "lanes": 1, "speed_limit_kmh": 30.0, "surface": "dirt", "aadt": 41, "segment_no": 1, "length_m": 1171.3, "oneway": false }, "geometry": { "type": "LineString", "coordinates": [ [ 14.081239318121542, 41.651817519090692 ], [ 14.076315186417254, 41.645200163295335 ], [ 14.075011475164201, 41.642394351631879 ] ] } },
{ "type": "Feature", "properties": { "road_id": "R00706", "name": "Track 16-32", "road_class": "track", "lanes": 1, "speed_limit_kmh": 30.0, "surface": "dirt", "aadt": 41, "segment_no": 2, "length_m": 1171.3, "oneway": false }, "geometry": { "type": "LineString", "coordinates": [ [ 14.075011475164201, 41.642394351631879 ], [ 14.073026389512563, 41.638121616248334 ], [ 14.071820943429548, 41.632165036994301 ] ] } },
{ "type": "Feature", "properties": { "road_id": "R00707", "name": "Track 16-32", "road_class": "track", "lanes": 1, "speed_limit_kmh": 30.0, "surface": "dirt", "aadt": 41, "segment_no": 3, "length_m": 1171.3, "oneway": false }, "geometry": { "type": "LineString", "coordinates": [ [ 14.071820943429548, 41.632165036994301 ], [ 14.071493698915111, 41.630547810363012 ], [ 14.068818655476242, 41.623296336120397 ], [ 14.068152635072709, 41.62199953174089 ] ] } },
{ "type": "Feature", "properties": { "road_id": "R00708", "name": "Track 16-32", "road_class": "track", "lanes": 1, "speed_limit_kmh": 30.0, "surface": "dirt", "aadt": 41, "segment_no": 4, "length_m": 1171.3, "oneway": false }, "geometry": { "type": "LineString", "coordinates": [ [ 14.068152635072709, 41.62199953174089 ], [ 14.065227513070084, 41.616303392093222 ], [ 14.063352780250989, 41.612086679391744 ] ] } },
{ "type": "Feature", "properties": { "road_id": "R00709", "name": "Track 16-32", "road_class": "track", "lanes": 1, "speed_limit_kmh": 30.0, "surface": "dirt", "aadt": 41, "segment_no": 5, "length_m": 1171.3, "oneway": false }, "geometry": { "type": "LineString", "coordinates": [ [ 14.063352780250989, 41.612086679391744 ], [ 14.062064924230469, 41.609189659418824 ], [ 14.058352230767532, 41.602231211170007 ] ] } },
{ "type": "Feature", "properties": { "road_id": "R00710", "name": "Track 17-26", "road_class": "track", "lanes": 1, "speed_limit_kmh": 30.0, "surface": "dirt", "aadt": 171, "segment_no": 1, "length_m": 1174.8, "oneway": false }, "geometry": { "type": "LineString", "coordinates": [ [ 14.083790394566552, 41.797277291496606 ], [ 14.077929987396063, 41.798573087260749 ], [ 14.071706488612914, 41.799438363441219 ], [ 14.07016170284245, 41.799967612564366 ] ] } },
{ "type": "Feature", "properties": { "road_id": "R00711", "name": "Track 17-26", "road_class": "track", "lanes": 1, "speed_limit_kmh": 30.0, "surface": "dirt", "aadt": 171, "segment_no": 2, "length_m": 1174.8, "oneway": false }, "geometry": { "type": "LineString", "coordinates": [ [ 14.07016170284245, 41.799967612564366 ], [ 14.066311921358201, 41.801286432259353 ], [ 14.062025731110264, 41.804449001457428 ], [ 14.059135416502251, 41.806393698090176 ] ] } },
{ "type": "Feature", "properties": { "road_id": "R00712", "name": "Track 17-26", "road_class": "track", "lanes": 1, "speed_limit_kmh": 30.0, "surface": "dirt", "aadt": 171, "segment_no": 3, "length_m": 1174.8, "oneway": false }, "geometry": { "type": "LineString", "coordinates": [ [ 14.059135416502251, 41.806393698090176 ], [ 14.057589388910793, 41.807433836102689 ], [ 14.053337719265139, 41.810638003537733 ], [ 14.049069782988271, 41.813823216792052 ] ] } },
{ "type": "Feature", "properties": { "road_id": "R00713", "name": "Track 17-27", "road_class": "track", "lanes": 1, "speed_limit_kmh": 30.0, "surface": "dirt", "aadt": 211, "segment_no": 1, "length_m": 1178.8, "oneway": false }, "geometry": { "type": "LineString", "coordinates": [ [ 14.08451676079731, 41.797330165929999 ], [ 14.078237306493092, 41.793677112958768 ], [ 14.073175744850534, 41.790954592572163 ] ] } },
{ "type": "Feature", "properties": { "road_id": "R00714", "name": "Track 17-27", "road_class": "track", "lanes": 1, "speed_limit_kmh": 30.0, "surface": "dirt", "aadt": 211, "segment_no": 2, "length_m": 1178.8, "oneway": false }, "geometry": { "type": "LineString", "coordinates": [ [ 14.073175744850534, 41.790954592572163 ], [ 14.071798625778614, 41.79021378756682 ], [ 14.065566185345661, 41.786505876348357 ], [ 14.062266763801556, 41.784185013834069 ] ] } },
{ "type": "Feature", "properties": { "road_id": "R00715", "name": "Track 17-27", "road_class": "track", "lanes": 1, "speed_limit_kmh": 30.0, "surface": "dirt", "aadt": 211, "segment_no": 3, "length_m": 1178.8, "oneway": false }, "geometry": { "type": "LineString", "coordinates": [ [ 14.062266763801556, 41.784185013834069 ], [ 14.059691543783924, 41.782373384278095 ], [ 14.052341892548185, 41.77999377269871 ], [ 14.049710585922227, 41.779813757408448 ] ] } },
{ "type": "Feature", "properties": { "road_id": "R00716", "name": "Track 17-27", "road_class": "track", "lanes": 1, "speed_limit_kmh": 30.0, "surface": "dirt", "aadt": 211, "segment_no": 4, "length_m": 1178.8, "oneway": false }, "geometry": { "type": "LineString", "coordinates": [ [ 14.049710585922227, 41.779813757408448 ], [ 14.043498473744037, 41.779388526027397 ], [ 14.036419420554896, 41.776687686300576 ] ] } },
{ "type": "Feature", "properties": { "road_id": "R00717", "name": "Track 17-39", "road_class": "track", "lanes": 1, "speed_limit_kmh": 30.0, "surface": "dirt", "aadt": 369, "segment_no": 1, "length_m": 1161.6, "oneway": false }, "geometry": { "type": "LineString", "coordinates": [ [ 14.084117898616748, 41.797641804309634 ], [ 14.091933086641827, 41.793334316719218 ], [ 14.094951042412021, 41.791069863035958 ] ] } },
{ "type": "Feature", "properties": { "road_id": "R00718", "name": "Track 17-39", "road_class": "track", "lanes": 1, "speed_limit_kmh": 30.0, "surface": "dirt", "aadt": 369, "segment_no": 2, "length_m": 1161.6, "oneway": false }, "geometry": { "type": "LineString", "coordinates": [ [ 14.094951042412021, 41.791069863035958 ], [ 14.099082525839725, 41.787969507544837 ], [ 14.105372533925836, 41.784117109378997 ] ] } },
{ "type": "Feature", "properties": { "road_id": "R00719", "name": "Track 17-39", "road_class": "track", "lanes": 1, "speed_limit_kmh": 30.0, "surface": "dirt", "aadt": 369, "segment_no": 3, "length_m": 1161.6, "oneway": false }, "geometry": { "type": "LineString", "coordinates": [ [ 14.105372533925836, 41.784117109378997 ], [ 14.106679041098948, 41.783316819722188 ], [ 14.115163459588537, 41.780076523336973 ], [ 14.117926427630128, 41.780025825031622 ] ] } },
{ "type": "Feature", "properties": { "road_id": "R00720", "name": "Track 17-39", "road_class": "track", "lanes": 1, "speed_limit_kmh": 30.0, "surface": "dirt", "aadt": 369, "segment_no": 4, "length_m": 1161.6, "oneway": false }, "geometry": { "type": "LineString", "coordinates": [ [ 14.117926427630128, 41.780025825031622 ], [ 14.125566439454994, 41.779885290312549 ], [ 14.131893721153235, 41.780111384586242 ] ] } },
{ "type": "Feature", "properties": { "road_id": "R00721", "name": "Track 17-39", "road_class": "track", "lanes": 1, "speed_limit_kmh": 30.0, "surface": "dirt", "aadt": 369, "segment_no": 5, "length_m": 1161.6, "oneway": false }, "geometry": { "type": "LineString", "coordinates": [ [ 14.131893721153235, 41.780111384586242 ], [ 14.136332451855369, 41.780269785988871 ], [ 14.145156048245441, 41.777568823248409 ] ] } },
{ "type": "Feature", "properties": { "road_id": "R00722", "name": "Track 18-20", "road_class": "track", "lanes": 1, "speed_limit_kmh": 30.0, "surface": "dirt", "aadt": 211, "segment_no": 1, "length_m": 1104.3, "oneway": false }, "geometry": { "type": "LineString", "coordinates": [ [ 14.222925335315731, 41.605173017304281 ], [ 14.228298434116983, 41.611148280981652 ], [ 14.22983569350089, 41.613630780793855 ] ] } },
{ "type": "Feature", "properties": { "road_id": "R00723", "name": "Track 18-20", "road_class": "track", "lanes": 1, "speed_limit_kmh": 30.0, "surface": "dirt", "aadt": 211, "segment_no": 2, "length_m": 1104.3, "oneway": true }, "geometry": { "type": "LineString", "coordinates": [ [ 14.22983569350089, 41.613630780793855 ], [ 14.23220565321478, 41.617457587532222 ], [ 14.232619542357691, 41.623175460996272 ] ] } },
{ "type": "Feature", "properties": { "road_id": "R00724", "name": "Track 18-20", "road_class": "track", "lanes": 1, "speed_limit_kmh": 30.0, "surface": "dirt", "aadt": 211, "segment_no": 3, "length_m": 1104.3, "oneway": false }, "geometry": { "type": "LineString", "coordinates": [ [ 14.232619542357691, 41.623175460996272 ], [ 14.232718359723167, 41.624540486848282 ], [ 14.231668517885582, 41.631979404912222 ], [ 14.231718959109823, 41.633077390333625 ] ] } },
{ "type": "Feature", "properties": { "road_id": "R00725", "name": "Track 18-20", "road_class": "track", "lanes": 1, "speed_limit_kmh": 30.0, "surface": "dirt", "aadt": 211, "segment_no": 4, "length_m": 1104.3, "oneway": false }, "geometry": { "type": "LineString", "coordinates": [ [ 14.231718959109823, 41.633077390333625 ], [ 14.231995869953108, 41.639104521566004 ], [ 14.233717483566393, 41.642800862875667 ] ] } },
{ "type": "Feature", "properties": { "road_id": "R00726", "name": "Track 18-20", "road_class": "track", "lanes": 1, "speed_limit_kmh": 30.0, "surface": "dirt", "aadt": 211, "segment_no": 5, "length_m": 1104.3, "oneway": true }, "geometry": { "type": "LineString", "coordinates": [ [ 14.233717483566393, 41.642800862875667 ], [ 14.235027676723835, 41.645613578818349 ], [ 14.239020272630524, 41.651903804320234 ] ] } },
{ "type": "Feature", "properties": { "road_id": "R00727", "name": "Track 19-35", "road_class": "track", "lanes": 1, "speed_limit_kmh": 30.0, "surface": "dirt", "aadt": 396, "segment_no": 1, "length_m": 1159.7, "oneway": false }, "geometry": { "type": "LineString", "coordinates": [ [ 13.988389068043332, 41.817447656568724 ], [ 13.975351854588897, 41.821185537529509 ] ] } },
{ "type": "Feature", "properties": { "road_id": "R00728", "name": "Track 19-35", "road_class": "track", "lanes": 1, "speed_limit_kmh": 30.0, "surface": "dirt", "aadt": 396, "segment_no": 2, "length_m": 1159.7, "oneway": true }, "geometry": { "type": "LineString", "coordinates": [ [ 13.975351854588897, 41.821185537529509 ], [ 13.973541804230608, 41.821704342177988 ], [ 13.962630050396305, 41.825483094798614 ] ] } },
{ "type": "Feature", "properties": { "road_id": "R00729", "name": "Track 19-35", "road_class": "track", "lanes": 1, "speed_limit_kmh": 30.0, "surface": "dirt", "aadt": 396, "segment_no": 3, "length_m": 1159.7, "oneway": false }, "geometry": { "type": "LineString", "coordinates": [ [ 13.962630050396305, 41.825483094798614 ], [ 13.959191779519641, 41.826673462668481 ], [ 13.950034912551791, 41.829991738594678 ] ] } },
{ "type": "Feature", "properties": { "road_id": "R00730", "name": "Track 19-35", "road_class": "track", "lanes": 1, "speed_limit_kmh": 30.0, "surface": "dirt", "aadt": 396, "segment_no": 4, "length_m": 1159.7, "oneway": false }, "geometry": { "type": "LineString", "coordinates": [ [ 13.950034912551791, 41.829991738594678 ], [ 13.944969561273229, 41.831826861837591 ], [ 13.937447267542487, 41.834514059641769 ] ] } },
{ "type": "Feature", "properties": { "road_id": "R00731", "name": "Track 19-35", "road_class": "track", "lanes": 1, "speed_limit_kmh": 30.0, "surface": "dirt", "aadt": 396, "segment_no": 5, "length_m": 1159.7, "oneway": false }, "geometry": { "type": "LineString", "coordinates": [ [ 13.937447267542487, 41.834514059641769 ], [ 13.93070552186547, 41.836921806804547 ], [ 13.925538926968452, 41.839864724453953 ] ] } },
{ "type": "Feature", "properties": { "road_id": "R00732", "name": "Track 19-35", "road_class": "track", "lanes": 1, "speed_limit_kmh": 30.0, "surface": "dirt", "aadt": 396, "segment_no": 6, "length_m": 1159.7, "oneway": true }, "geometry": { "type": "LineString", "coordinates": [ [ 13.925538926968452, 41.839864724453953 ], [ 13.917953724138744, 41.844184372636342 ], [ 13.91482287039527, 41.846530602039444 ] ] } },
{ "type": "Feature", "properties": { "road_id": "R00733", "name": "Track 19-35", "road_class": "track", "lanes": 1, "speed_limit_kmh": 30.0, "surface": "dirt", "aadt": 396, "segment_no": 7, "length_m": 1159.7, "oneway": false }, "geometry": { "type": "LineString", "coordinates": [ [ 13.91482287039527, 41.846530602039444 ], [ 13.906251141930348, 41.852952833934737 ], [ 13.904635266908937, 41.853600936793349 ] ] } },
{ "type": "Feature", "properties": { "road_id": "R00734", "name": "Track 19-35", "road_class": "track", "lanes": 1, "speed_limit_kmh": 30.0, "surface": "dirt", "aadt": 396, "segment_no": 8, "length_m": 1159.7, "oneway": false }, "geometry": { "type": "LineString", "coordinates": [ [ 13.904635266908937, 41.853600936793349 ], [ 13.892324488496675, 41.858537415788192 ] ] } },
{ "type": "Feature", "properties": { "road_id": "R00735", "name": "Track 20-24", "road_class": "track", "lanes": 1, "speed_limit_kmh": 30.0, "surface": "dirt", "aadt": 396, "segment_no": 1, "length_m": 1168.9, "oneway": true }, "geometry": { "type": "LineString", "coordinates": [ [ 14.240560737534775, 41.652142424739466 ], [ 14.235538285234247, 41.658550209900831 ], [ 14.233274375374833, 41.661138583065465 ] ] } },
{ "type": "Feature", "properties": { "road_id": "R00736", "name": "Track 20-24", "road_class": "track", "lanes": 1, "speed_limit_kmh": 30.0, "surface": "dirt", "aadt": 396, "segment_no": 2, "length_m": 1168.9, "oneway": false }, "geometry": { "type": "LineString", "coordinates": [ [ 14.233274375374833, 41.661138583065465 ], [ 14.230122826978025, 41.664741385449751 ], [ 14.224909977688375, 41.669579245366968 ] ] } },
{ "type": "Feature", "properties": { "road_id": "R00737", "name": "Track 20-24", "road_class": "track", "lanes": 1, "speed_limit_kmh": 30.0, "surface": "dirt", "aadt": 396, "segment_no": 3, "length_m": 1168.9, "oneway": false }, "geometry": { "type": "LineString", "coordinates": [ [ 14.224909977688375, 41.669579245366968 ], [ 14.223919771166479, 41.670498110800352 ], [ 14.216163020164041, 41.675397368755668 ], [ 14.21427733399282, 41.676416304413955 ] ] } },
{ "type": "Feature", "properties": { "road_id": "R00738", "name": "Track 20-24", "road_class": "track", "lanes": 1, "speed_limit_kmh": 30.0, "surface": "dirt", "aadt": 396, "segment_no": 4, "length_m": 1168.9, "oneway": false }, "geometry": { "type": "LineString", "coordinates": [ [ 14.21427733399282, 41.676416304413955 ], [ 14.207757773121541, 41.679938676404838 ], [ 14.203549830092079, 41.68315289867374 ] ] } },
{ "type": "Feature", "properties": { "road_id": "R00739", "name": "Track 20-24", "road_class": "track", "lanes": 1, "speed_limit_kmh": 30.0, "surface": "dirt", "aadt": 396, "segment_no": 5, "length_m": 1168.9, "oneway": false }, "geometry": { "type": "LineString", "coordinates": [ [ 14.203549830092079, 41.68315289867374 ], [ 14.200780071640082, 41.68526830709402 ], [ 14.196646586325397, 41.692168761823311 ] ] } },
{ "type": "Feature", "properties": { "road_id": "R00740", "name": "Track 21-33", "road_class": "track", "lanes": 1, "speed_limit_kmh": 30.0, "surface": "dirt", "aadt": 48, "segment_no": 1, "length_m": 1033.1, "oneway": false }, "geometry": { "type": "LineString", "coordinates": [ [ 14.056958493279714, 41.673469185219865 ], [ 14.0551670819564, 41.677175058609009 ], [ 14.054079409869422, 41.681072137674441 ], [ 14.053193805225366, 41.682283892164051 ] ] } },
{ "type": "Feature", "properties": { "road_id": "R00741", "name": "Track 21-33", "road_class": "track", "lanes": 1, "speed_limit_kmh": 30.0, "surface": "dirt", "aadt": 48, "segment_no": 2, "length_m": 1033.1, "oneway": true }, "geometry": { "type": "LineString", "coordinates": [ [ 14.053193805225366, 41.682283892164051 ], [ 14.051522779980544, 41.684570176224369 ], [ 14.048545815242049, 41.687954030002047 ], [ 14.047744558096664, 41.690529440254366 ] ] } },
{ "type": "Feature", "properties": { "road_id": "R00742", "name": "Track 21-33", "road_class": "track", "lanes": 1, "speed_limit_kmh": 30.0, "surface": "dirt", "aadt": 48, "segment_no": 3, "length_m": 1033.1, "oneway": false }, "geometry": { "type": "LineString", "coordinates": [ [ 14.047744558096664, 41.690529440254366 ], [ 14.047343039967425, 41.691819922354973 ], [ 14.046607586239878, 41.695812798925843 ], [ 14.045116379671406, 41.699600377786311 ] ] } },
{ "type": "Feature", "properties": { "road_id": "R00743", "name": "Track 22-31", "road_class": "track", "lanes": 1, "speed_limit_kmh": 30.0, "surface": "dirt", "aadt": 393, "segment_no": 1, "length_m": 1021.8, "oneway": false }, "geometry": { "type": "LineString", "coordinates": [ [ 13.972139321265962, 41.75061454009753 ], [ 13.971678594308099, 41.746697419502929 ], [ 13.970424077349834, 41.742914281621239 ], [ 13.969955631657919, 41.741587317161205 ] ] } },
{ "type": "Feature", "properties": { "road_id": "R00744", "name": "Track 22-31", "road_class": "track", "lanes": 1, "speed_limit_kmh": 30.0, "surface": "dirt", "aadt": 393, "segment_no": 2, "length_m": 1021.8, "oneway": true }, "geometry": { "type": "LineString", "coordinates": [ [ 13.969955631657919, 41.741587317161205 ], [ 13.969093158566771, 41.739144048315808 ], [ 13.968625806608852, 41.735228071762819 ], [ 13.968541993125543, 41.732484684770476 ] ] } },
{ "type": "Feature", "properties": { "road_id": "R00745", "name": "Track 22-31", "road_class": "track", "lanes": 1, "speed_limit_kmh": 30.0, "surface": "dirt", "aadt": 393, "segment_no": 3, "length_m": 1021.8, "oneway": false }, "geometry": { "type": "LineString", "coordinates": [ [ 13.968541993125543, 41.732484684770476 ], [ 13.968504387039664, 41.731253709288964 ], [ 13.96678476947146, 41.727549116327609 ], [ 13.964208679600956, 41.723989085295543 ] ] } },
{ "type": "Feature", "properties": { "road_id": "R00746", "name": "Track 23-33", "road_class": "track", "lanes": 1, "speed_limit_kmh": 30.0, "surface": "dirt", "aadt": 49, "segment_no": 1, "length_m": 1030.3, "oneway": false }, "geometry": { "type": "LineString", "coordinates": [ [ 14.018323322098908, 41.730499063438948 ], [ 14.020662535818618, 41.72541878626555 ], [ 14.023185035998825, 41.72200122124476 ] ] } },
{ "type": "Feature", "properties": { "road_id": "R00747", "name": "Track 23-33", "road_class": "track", "lanes": 1, "speed_limit_kmh": 30.0, "surface": "dirt", "aadt": 49, "segment_no": 2, "length_m": 1030.3, "oneway": false }, "geometry": { "type": "LineString", "coordinates": [ [ 14.023185035998825, 41.72200122124476 ], [ 14.024061439814878, 41.720813741278498 ], [ 14.027411487192541, 41.716186902048499 ], [ 14.029567728698119, 41.714075542167279 ] ] } },
{ "type": "Feature", "properties": { "road_id": "R00748", "name": "Track 23-33", "road_class": "track", "lanes": 1, "speed_limit_kmh": 30.0, "surface": "dirt", "aadt": 49, "segment_no": 3, "length_m": 1030.3, "oneway": false }, "geometry": { "type": "LineString", "coordinates": [ [ 14.029567728698119, 41.714075542167279 ], [ 14.031704596842745, 41.711982973338095 ], [ 14.036652038454037, 41.708072458948813 ], [ 14.037597793557358, 41.707035561760414 ] ] } },
{ "type": "Feature", "properties": { "road_id": "R00749", "name": "Track 23-33", "road_class": "track", "lanes": 1, "speed_limit_kmh": 30.0, "surface": "dirt", "aadt": 49, "segment_no": 4, "length_m": 1030.3, "oneway": false }, "geometry": { "type": "LineString", "coordinates": [ [ 14.037597793557358, 41.707035561760414 ], [ 14.040619287258698, 41.703722607666201 ], [ 14.044541178254455, 41.699352519799135 ] ] } },
{ "type": "Feature", "properties": { "road_id": "R00750", "name": "Track 24-25", "road_class": "track", "lanes": 1, "speed_limit_kmh": 30.0, "surface": "dirt", "aadt": 96, "segment_no": 1, "length_m": 1147.0, "oneway": false }, "geometry": { "type": "LineString", "coordinates": [ [ 14.197316289303382, 41.694159016801592 ], [ 14.203495642626626, 41.703383853838154 ], [ 14.203502504104367, 41.703390326117571 ] ] } },
{ "type": "Feature", "properties": { "road_id": "R00751", "name": "Track 24-25", "road_class": "track", "lanes": 1, "speed_limit_kmh": 30.0, "surface": "dirt", "aadt": 96, "segment_no": 2, "length_m": 1147.0, "oneway": false }, "geometry": { "type": "LineString", "coordinates": [ [ 14.203502504104367, 41.703390326117571 ], [ 14.212052686414522, 41.711454202433224 ], [ 14.212081814595471, 41.711476144900445 ] ] } },
{ "type": "Feature", "properties": { "road_id": "R00752", "name": "Track 24-25", "road_class": "track", "lanes": 1, "speed_limit_kmh": 30.0, "surface": "dirt", "aadt": 96, "segment_no": 3, "length_m": 1147.0, "oneway": false }, "geometry": { "type": "LineString", "coordinates": [ [ 14.212081814595471, 41.711476144900445 ], [ 14.221805468204707, 41.71879980105016 ] ] } },
{ "type": "Feature", "properties": { "road_id": "R00753", "name": "Track 24-25", "road_class": "track", "lanes": 1, "speed_limit_kmh": 30.0, "surface": "dirt", "aadt": 96, "segment_no": 4, "length_m": 1147.0, "oneway": false }, "geometry": { "type": "LineString", "coordinates": [ [ 14.221805468204707, 41.71879980105016 ], [ 14.221921877358202, 41.7188874630355 ], [ 14.230542479482235, 41.726791015355595 ] ] } },
{ "type": "Feature", "properties": { "road_id": "R00754", "name": "Track 24-25", "road_class": "track", "lanes": 1, "speed_limit_kmh": 30.0, "surface": "dirt", "aadt": 96, "segment_no": 5, "length_m": 1147.0, "oneway": false }, "geometry": { "type": "LineString", "coordinates": [ [ 14.230542479482235, 41.726791015355595 ], [ 14.230639923797352, 41.726880339684378 ], [ 14.237562734237324, 41.735681141128715 ] ] } },
{ "type": "Feature", "properties": { "road_id": "R00755", "name": "Track 24-25", "road_class": "track", "lanes": 1, "speed_limit_kmh": 30.0, "surface": "dirt", "aadt": 96, "segment_no": 6, "length_m": 1147.0, "oneway": false }, "geometry": { "type": "LineString", "coordinates": [ [ 14.237562734237324, 41.735681141128715 ], [ 14.237599629505432, 41.735728037683145 ], [ 14.243583395787384, 41.744975129085155 ] ] } },
{ "type": "Feature", "properties": { "road_id": "R00756", "name": "Track 24-25", "road_class": "track", "lanes": 1, "speed_limit_kmh": 30.0, "surface": "dirt", "aadt": 96, "segment_no": 7, "length_m": 1147.0, "oneway": false }, "geometry": { "type": "LineString", "coordinates": [ [ 14.243583395787384, 41.744975129085155 ], [ 14.243620491159309, 41.745032445726416 ], [ 14.250662340856669, 41.753841250382372 ] ] } },
{ "type": "Feature", "properties": { "road_id": "R00757", "name": "Track 29-31", "road_class": "track", "lanes": 1, "speed_limit_kmh": 30.0, "surface": "dirt", "aadt": 110, "segment_no": 1, "length_m": 1003.8, "oneway": false }, "geometry": { "type": "LineString", "coordinates": [ [ 13.942873774145211, 41.70276554097741 ], [ 13.944611865239358, 41.706412123137468 ], [ 13.946699928881868, 41.709883335527969 ], [ 13.947570754814473, 41.711077757704118 ] ] } },
{ "type": "Feature", "properties": { "road_id": "R00758", "name": "Track 29-31", "road_class": "track", "lanes": 1, "speed_limit_kmh": 30.0, "surface": "dirt", "aadt": 110, "segment_no": 2, "length_m": 1003.8, "oneway": false }, "geometry": { "type": "LineString", "coordinates": [ [ 13.947570754814473, 41.711077757704118 ], [ 13.949112317618765, 41.713192037276933 ], [ 13.951648706574032, 41.716438649913265 ], [ 13.95381413459967, 41.718805644830887 ] ] } },
{ "type": "Feature", "properties": { "road_id": "R00759", "name": "Track 29-31", "road_class": "track", "lanes": 1, "speed_limit_kmh": 30.0, "surface": "dirt", "aadt": 110, "segment_no": 3, "length_m": 1003.8, "oneway": true }, "geometry": { "type": "LineString", "coordinates": [ [ 13.95381413459967, 41.718805644830887 ], [ 13.954482537154188, 41.719536222078595 ], [ 13.959376903973345, 41.721600817596467 ], [ 13.963512965149713, 41.724045582680155 ] ] } },
{ "type": "Feature", "properties": { "road_id": "R00760", "name": "Track 29-34", "road_class": "track", "lanes": 1, "speed_limit_kmh": 30.0, "surface": "dirt", "aadt": 254, "segment_no": 1, "length_m": 1107.7, "oneway": false }, "geometry": { "type": "LineString", "coordinates": [ [ 13.94291989077459, 41.70253238513741 ], [ 13.939151166357135, 41.693968452578055 ], [ 13.938990339346232, 41.693017100800958 ] ] } },
{ "type": "Feature", "properties": { "road_id": "R00761", "name": "Track 29-34", "road_class": "track", "lanes": 1, "speed_limit_kmh": 30.0, "surface": "dirt", "aadt": 254, "segment_no": 2, "length_m": 1107.7, "oneway": false }, "geometry": { "type": "LineString", "coordinates": [ [ 13.938990339346232, 41.693017100800958 ], [ 13.937602963766471, 41.684809149141977 ], [ 13.937170240766774, 41.683137228020605 ] ] } },
{ "type": "Feature", "properties": { "road_id": "R00762", "name": "Track 29-34", "road_class": "track", "lanes": 1, "speed_limit_kmh": 30.0, "surface": "dirt", "aadt": 254, "segment_no": 3, "length_m": 1107.7, "oneway": false }, "geometry": { "type": "LineString", "coordinates": [ [ 13.937170240766774, 41.683137228020605 ], [ 13.935286016086041, 41.675856116999135 ], [ 13.933783880251248, 41.673557360398966 ] ] } },
{ "type": "Feature", "properties": { "road_id": "R00763", "name": "Track 29-34", "road_class": "track", "lanes": 1, "speed_limit_kmh": 30.0, "surface": "dirt", "aadt": 254, "segment_no": 4, "length_m": 1107.7, "oneway": true }, "geometry": { "type": "LineString", "coordinates": [ [ 13.933783880251248, 41.673557360398966 ], [ 13.929963061101375, 41.667709448492047 ], [ 13.927413231629927, 41.664819990582679 ] ] } },
{ "type": "Feature", "properties": { "road_id": "R00764", "name": "Track 29-38", "road_class": "track", "lanes": 1, "speed_limit_kmh": 30.0, "surface": "dirt", "aadt": 68, "segment_no": 1, "length_m": 1027.3, "oneway": false }, "geometry": { "type": "LineString", "coordinates": [ [ 13.943845616904722, 41.702317860668963 ], [ 13.949275504221788, 41.69898708848757 ], [ 13.953713676769659, 41.696777301513336 ] ] } },
{ "type": "Feature", "properties": { "road_id": "R00765", "name": "Track 29-38", "road_class": "track", "lanes": 1, "speed_limit_kmh": 30.0, "surface": "dirt", "aadt": 68, "segment_no": 2, "length_m": 1027.3, "oneway": false }, "geometry": { "type": "LineString", "coordinates": [ [ 13.953713676769659, 41.696777301513336 ], [ 13.955100055551632, 41.696086950154793 ], [ 13.961959502456393, 41.69431524263171 ], [ 13.964841236419714, 41.692928559627909 ] ] } },
{ "type": "Feature", "properties": { "road_id": "R00766", "name": "Track 29-38", "road_class": "track", "lanes": 1, "speed_limit_kmh": 30.0, "surface": "dirt", "aadt": 68, "segment_no": 3, "length_m": 1027.3, "oneway": true }, "geometry": { "type": "LineString", "coordinates": [ [ 13.964841236419714, 41.692928559627909 ], [ 13.967845677706153, 41.691482688368993 ], [ 13.972892038296134, 41.687735073714293 ], [ 13.97417341682061, 41.686933140261146 ] ] } },
{ "type": "Feature", "properties": { "road_id": "R00767", "name": "Track 29-38", "road_class": "track", "lanes": 1, "speed_limit_kmh": 30.0, "surface": "dirt", "aadt": 68, "segment_no": 4, "length_m": 1027.3, "oneway": false }, "geometry": { "type": "LineString", "coordinates": [ [ 13.97417341682061, 41.686933140261146 ], [ 13.978281575123674, 41.68436187137717 ], [ 13.984052312075628, 41.681404423550426 ] ] } },
{ "type": "Feature", "properties": { "road_id": "R00768", "name": "Track 31-38", "road_class": "track", "lanes": 1, "speed_limit_kmh": 30.0, "surface": "dirt", "aadt": 392, "segment_no": 1, "length_m": 1024.8, "oneway": true }, "geometry": { "type": "LineString", "coordinates": [ [ 13.965366533277805, 41.724695988906625 ], [ 13.969339196331292, 41.718879698482574 ], [ 13.969639579535649, 41.716193079301846 ] ] } },
{ "type": "Feature", "properties": { "road_id": "R00769", "name": "Track 31-38", "road_class": "track", "lanes": 1, "speed_limit_kmh": 30.0, "surface": "dirt", "aadt": 392, "segment_no": 2, "length_m": 1024.8, "oneway": false }, "geometry": { "type": "LineString", "coordinates": [ [ 13.969639579535649, 41.716193079301846 ], [ 13.970088280157318, 41.712179454650936 ], [ 13.971091890361041, 41.707032175315355 ] ] } },
{ "type": "Feature", "properties": { "road_id": "R00770", "name": "Track 31-38", "road_class": "track", "lanes": 1, "speed_limit_kmh": 30.0, "surface": "dirt", "aadt": 392, "segment_no": 3, "length_m": 1024.8, "oneway": false }, "geometry": { "type": "LineString", "coordinates": [ [ 13.971091890361041, 41.707032175315355 ], [ 13.971366360888261, 41.705624328005634 ], [ 13.975868517043265, 41.69995348038789 ], [ 13.976718556592544, 41.698926899170793 ] ] } },
{ "type": "Feature", "properties": { "road_id": "R00771", "name": "Track 31-38", "road_class": "track", "lanes": 1, "speed_limit_kmh": 30.0, "surface": "dirt", "aadt": 392, "segment_no": 4, "length_m": 1024.8, "oneway": false }, "geometry": { "type": "LineString", "coordinates": [ [ 13.976718556592544, 41.698926899170793 ], [ 13.980527997440143, 41.694325801864693 ], [ 13.982105666482669, 41.690699020055845 ] ] } },
{ "type": "Feature", "properties": { "road_id": "R00772", "name": "Track 31-38", "road_class": "track", "lanes": 1, "speed_limit_kmh": 30.0, "surface": "dirt", "aadt": 392, "segment_no": 5, "length_m": 1024.8, "oneway": false }, "geometry": { "type": "LineString", "coordinates": [ [ 13.982105666482669, 41.690699020055845 ], [ 13.983211624628492, 41.688156354681865 ], [ 13.984984301604772, 41.681737175240464 ] ] } },
{ "type": "Feature", "properties": { "road_id": "R00773", "name": "Track 32-37", "road_class": "track", "lanes": 1, "speed_limit_kmh": 30.0, "surface": "dirt", "aadt": 365, "segment_no": 1, "length_m": 1043.8, "oneway": false }, "geometry": { "type": "LineString", "coordinates": [ [ 14.057886081732839, 41.601833512238414 ], [ 14.049235543284528, 41.600009314127824 ], [ 14.045788605919384, 41.599405396333644 ] ] } },
{ "type": "Feature", "properties": { "road_id": "R00774", "name": "Track 32-37", "road_class": "track", "lanes": 1, "speed_limit_kmh": 30.0, "surface": "dirt", "aadt": 365, "segment_no": 2, "length_m": 1043.8, "oneway": false }, "geometry": { "type": "LineString", "coordinates": [ [ 14.045788605919384, 41.599405396333644 ], [ 14.040524571277841, 41.598482894903206 ], [ 14.033499379354501, 41.597618243417017 ] ] } },
{ "type": "Feature", "properties": { "road_id": "R00775", "name": "Track 32-37", "road_class": "track", "lanes": 1, "speed_limit_kmh": 30.0, "surface": "dirt", "aadt": 365, "segment_no": 3, "length_m": 1043.8, "oneway": true }, "geometry": { "type": "LineString", "coordinates": [ [ 14.033499379354501, 41.597618243417017 ], [ 14.031723355140956, 41.597399581162698 ], [ 14.022868932307064, 41.596577339358745 ], [ 14.021068915802632, 41.596504702011821 ] ] } },
{ "type": "Feature", "properties": { "road_id": "R00776", "name": "Track 32-37", "road_class": "track", "lanes": 1, "speed_limit_kmh": 30.0, "surface": "dirt", "aadt": 365, "segment_no": 4, "length_m": 1043.8, "oneway": false }, "geometry": { "type": "LineString", "coordinates": [ [ 14.021068915802632, 41.596504702011821 ], [ 14.013920322021447, 41.596215950073258 ], [ 14.008563234187589, 41.595994792993487 ] ] } },
{ "type": "Feature", "properties": { "road_id": "R00777", "name": "Track 32-37", "road_class": "track", "lanes": 1, "speed_limit_kmh": 30.0, "surface": "dirt", "aadt": 365, "segment_no": 5, "length_m": 1043.8, "oneway": false }, "geometry": { "type": "LineString", "coordinates": [ [ 14.008563234187589, 41.595994792993487 ], [ 14.004973343125791, 41.595846450795555 ], [ 13.996092426740569, 41.595154362851709 ] ] } },
{ "type": "Feature", "properties": { "road_id": "R00778", "name": "Track 34-37", "road_class": "track", "lanes": 1, "speed_limit_kmh": 30.0, "surface": "dirt", "aadt": 393, "segment_no": 1, "length_m": 1073.5, "oneway": false }, "geometry": { "type": "LineString", "coordinates": [ [ 13.91449095146759, 41.641933368939441 ], [ 13.923560521500423, 41.635064769649865 ] ] } },
{ "type": "Feature", "properties": { "road_id": "R00779", "name": "Track 34-37", "road_class": "track", "lanes": 1, "speed_limit_kmh": 30.0, "surface": "dirt", "aadt": 393, "segment_no": 2, "length_m": 1073.5, "oneway": false }, "geometry": { "type": "LineString", "coordinates": [ [ 13.923560521500423, 41.635064769649865 ], [ 13.924882951594862, 41.63406307787173 ], [ 13.933835694091577, 41.629258842834467 ] ] } },
{ "type": "Feature", "properties": { "road_id": "R00780", "name": "Track 34-37", "road_class": "track", "lanes": 1, "speed_limit_kmh": 30.0, "surface": "dirt", "aadt": 393, "segment_no": 3, "length_m": 1073.5, "oneway": false }, "geometry": { "type": "LineString", "coordinates": [ [ 13.933835694091577, 41.629258842834467 ], [ 13.936812556719312, 41.627661077942115 ], [ 13.94502914048868, 41.624514037117052 ] ] } },
{ "type": "Feature", "properties": { "road_id": "R00781", "name": "Track 34-37", "road_class": "track", "lanes": 1, "speed_limit_kmh": 30.0, "surface": "dirt", "aadt": 393, "segment_no": 4, "length_m": 1073.5, "oneway": false }, "geometry": { "type": "LineString", "coordinates": [ [ 13.94502914048868, 41.624514037117052 ], [ 13.950112193031215, 41.622566721608884 ], [ 13.955971293286293, 41.61945622472301 ] ] } },
{ "type": "Feature", "properties": { "road_id": "R00782", "name": "Track 34-37", "road_class": "track", "lanes": 1, "speed_limit_kmh": 30.0, "surface": "dirt", "aadt": 393, "segment_no": 5, "length_m": 1073.5, "oneway": false }, "geometry": { "type": "LineString", "coordinates": [ [ 13.955971293286293, 41.61945622472301 ], [ 13.962086557881017, 41.616209090077298 ], [ 13.965998271940114, 41.613424130517387 ] ] } },
{ "type": "Feature", "properties": { "road_id": "R00783", "name": "Track 34-37", "road_class": "track", "lanes": 1, "speed_limit_kmh": 30.0, "surface": "dirt", "aadt": 393, "segment_no": 6, "length_m": 1073.5, "oneway": false }, "geometry": { "type": "LineString", "coordinates": [ [ 13.965998271940114, 41.613424130517387 ], [ 13.972758250676449, 41.608610447656865 ], [ 13.975429084118332, 41.606839972329745 ] ] } },
{ "type": "Feature", "properties": { "road_id": "R00784", "name": "Track 34-37", "road_class": "track", "lanes": 1, "speed_limit_kmh": 30.0, "surface": "dirt", "aadt": 393, "segment_no": 7, "length_m": 1073.5, "oneway": false }, "geometry": { "type": "LineString", "coordinates": [ [ 13.975429084118332, 41.606839972329745 ], [ 13.983752971468849, 41.601321098047023 ], [ 13.985185244152445, 41.6005348555965 ] ] } },
{ "type": "Feature", "properties": { "road_id": "R00785", "name": "Track 34-37", "road_class": "track", "lanes": 1, "speed_limit_kmh": 30.0, "surface": "dirt", "aadt": 393, "segment_no": 8, "length_m": 1073.5, "oneway": false }, "geometry": { "type": "LineString", "coordinates": [ [ 13.985185244152445, 41.6005348555965 ], [ 13.995580841041605, 41.594827099900193 ] ] } },
{ "type": "Feature", "properties": { "road_id": "R00786", "name": "Track 34-38", "road_class": "track", "lanes": 1, "speed_limit_kmh": 30.0, "surface": "dirt", "aadt": 250, "segment_no": 1, "length_m": 1194.7, "oneway": false }, "geometry": { "type": "LineString", "coordinates": [ [ 13.915565690038488, 41.642782823752256 ], [ 13.925251320588112, 41.648423936345722 ], [ 13.926864089687527, 41.649412216791845 ] ] } },
{ "type": "Feature", "properties": { "road_id": "R00787", "name": "Track 34-38", "road_class": "track", "lanes": 1, "speed_limit_kmh": 30.0, "surface": "dirt", "aadt": 250, "segment_no": 2, "length_m": 1194.7, "oneway": false }, "geometry": { "type": "LineString", "coordinates": [ [ 13.926864089687527, 41.649412216791845 ], [ 13.934755542513017, 41.654247222126116 ], [ 13.938046130323823, 41.65615211757099 ] ] } },
{ "type": "Feature", "properties": { "road_id": "R00788", "name": "Track 34-38", "road_class": "track", "lanes": 1, "speed_limit_kmh": 30.0, "surface": "dirt", "aadt": 250, "segment_no": 3, "length_m": 1194.7, "oneway": false }, "geometry": { "type": "LineString", "coordinates": [ [ 13.938046130323823, 41.65615211757099 ], [ 13.944464351099429, 41.659866984465872 ], [ 13.949686283589546, 41.662429624691654 ] ] } },
{ "type": "Feature", "properties": { "road_id": "R00789", "name": "Track 34-38", "road_class": "track", "lanes": 1, "speed_limit_kmh": 30.0, "surface": "dirt", "aadt": 250, "segment_no": 4, "length_m": 1194.7, "oneway": false }, "geometry": { "type": "LineString", "coordinates": [ [ 13.949686283589546, 41.662429624691654 ], [ 13.954747875083944, 41.664913160062333 ], [ 13.961536485804137, 41.668494890308324 ] ] } },
{ "type": "Feature", "properties": { "road_id": "R00790", "name": "Track 34-38", "road_class": "track", "lanes": 1, "speed_limit_kmh": 30.0, "surface": "dirt", "aadt": 250, "segment_no": 5, "length_m": 1194.7, "oneway": false }, "geometry": { "type": "LineString", "coordinates": [ [ 13.961536485804137, 41.668494890308324 ], [ 13.964783579775881, 41.670207804756096 ], [ 13.971846639388966, 41.675911696381029 ] ] } },
{ "type": "Feature", "properties": { "road_id": "R00791", "name": "Track 34-38", "road_class": "track", "lanes": 1, "speed_limit_kmh": 30.0, "surface": "dirt", "aadt": 250, "segment_no": 6, "length_m": 1194.7, "oneway": false }, "geometry": { "type": "LineString", "coordinates": [ [ 13.971846639388966, 41.675911696381029 ], [ 13.973265215160751, 41.677057118270056 ], [ 13.983030985772618, 41.682623523452548 ] ] } }
]
}
